Case Fatality Rate Percent,Code,Country,Cases,Muertes,Pais o territorio,Tipo,Year vwPopulation per year,Year
0,28,Antigua and Barbuda,1,0,Antigua y Barbuda,Final,1991,1991
0,28,Antigua and Barbuda,0,0,Antigua y Barbuda,Final,1992,1992
0,28,Antigua and Barbuda,0,0,Antigua y Barbuda,Final,1993,1993
0,28,Antigua and Barbuda,0,0,Antigua y Barbuda,Final,1994,1994
0,28,Antigua and Barbuda,56,0,Antigua y Barbuda,Final,1995,1995
0,28,Antigua and Barbuda,12,0,Antigua y Barbuda,Final,1996,1996
0,28,Antigua and Barbuda,7,0,Antigua y Barbuda,Final,1997,1997
0,28,Antigua and Barbuda,4,0,Antigua y Barbuda,Final,1998,1998
0,28,Antigua and Barbuda,2,0,Antigua y Barbuda,Final,1999,1999
0,28,Antigua and Barbuda,8,0,Antigua y Barbuda,Final,2000,2000
0,28,Antigua and Barbuda,20,0,Antigua y Barbuda,Final,2001,2001
0,28,Antigua and Barbuda,5,0,Antigua y Barbuda,Final,2002,2002
0,28,Antigua and Barbuda,0,0,Antigua y Barbuda,Final,2003,2003
0,28,Antigua and Barbuda,0,0,Antigua y Barbuda,Final,2004,2004
0,28,Antigua and Barbuda,0,0,Antigua y Barbuda,Final,2005,2005
0,28,Antigua and Barbuda,0,0,Antigua y Barbuda,Final,2006,2006
0,28,Antigua and Barbuda,0,0,Antigua y Barbuda,Final,2007,2007
0,28,Antigua and Barbuda,17,0,Antigua y Barbuda,Final,2008,2008
0,28,Antigua and Barbuda,2,0,Antigua y Barbuda,Final,2009,2009
0,28,Antigua and Barbuda,3,0,Antigua y Barbuda,Final,2010,2010
0,28,Antigua and Barbuda,7,0,Antigua y Barbuda,Final,2011,2011
0,28,Antigua and Barbuda,10,0,Antigua y Barbuda,Final,2012,2012
0,28,Antigua and Barbuda,3,0,Antigua y Barbuda,Final,2013,2013
0,28,Antigua and Barbuda,37,0,Antigua y Barbuda,Final,2014,2014
0,32,Argentina,0,0,Argentina,Final,1980,1980
0,32,Argentina,0,0,Argentina,Final,1981,1981
0,32,Argentina,0,0,Argentina,Final,1982,1982
0,32,Argentina,0,0,Argentina,Final,1983,1983
0,32,Argentina,0,0,Argentina,Final,1984,1984
0,32,Argentina,0,0,Argentina,Final,1985,1985
0,32,Argentina,0,0,Argentina,Final,1986,1986
0,32,Argentina,0,0,Argentina,Final,1987,1987
0,32,Argentina,0,0,Argentina,Final,1988,1988
0,32,Argentina,0,0,Argentina,Final,1989,1989
0,32,Argentina,0,0,Argentina,Final,1990,1990
0,32,Argentina,0,0,Argentina,Final,1991,1991
0,32,Argentina,0,0,Argentina,Final,1992,1992
0,32,Argentina,0,0,Argentina,Final,1993,1993
0,32,Argentina,0,0,Argentina,Final,1994,1994
0,32,Argentina,0,0,Argentina,Final,1995,1995
0,32,Argentina,0,0,Argentina,Final,1996,1996
0,32,Argentina,0,0,Argentina,Final,1997,1997
0,32,Argentina,822,0,Argentina,Final,1998,1998
0,32,Argentina,3,0,Argentina,Final,1999,1999
0,32,Argentina,1700,0,Argentina,Final,2000,2000
0,32,Argentina,11,0,Argentina,Final,2001,2001
0,32,Argentina,214,0,Argentina,Final,2002,2002
0,32,Argentina,135,0,Argentina,Final,2003,2003
0,32,Argentina,3284,0,Argentina,Final,2004,2004
0,32,Argentina,34,0,Argentina,Final,2005,2005
0,32,Argentina,181,0,Argentina,Final,2006,2006
0,32,Argentina,173,0,Argentina,Final,2007,2007
0,32,Argentina,40,0,Argentina,Final,2008,2008
0.02,32,Argentina,26606,5,Argentina,Final,2009,2009
0,32,Argentina,1185,0,Argentina,Final,2010,2010
0,32,Argentina,213,0,Argentina,Final,2011,2011
0,32,Argentina,2803,0,Argentina,Final,2012,2012
0,32,Argentina,9294,0,Argentina,Final,2013,2013
0,32,Argentina,3270,0,Argentina,Final,2014,2014
0,44,Bahamas,0,0,Bahamas,Final,1980,1980
0,44,Bahamas,0,0,Bahamas,Final,1981,1981
0,44,Bahamas,0,0,Bahamas,Final,1982,1982
0,44,Bahamas,0,0,Bahamas,Final,1983,1983
0,44,Bahamas,0,0,Bahamas,Final,1984,1984
0,44,Bahamas,0,0,Bahamas,Final,1985,1985
0,44,Bahamas,0,0,Bahamas,Final,1986,1986
0,44,Bahamas,0,0,Bahamas,Final,1987,1987
0,44,Bahamas,0,0,Bahamas,Final,1988,1988
0,44,Bahamas,87,0,Bahamas,Final,1989,1989
0,44,Bahamas,2,0,Bahamas,Final,1990,1990
0,44,Bahamas,0,0,Bahamas,Final,1991,1991
0,44,Bahamas,0,0,Bahamas,Final,1992,1992
0,44,Bahamas,0,0,Bahamas,Final,1993,1993
0,44,Bahamas,0,0,Bahamas,Final,1994,1994
0,44,Bahamas,1,0,Bahamas,Final,1995,1995
0,44,Bahamas,0,0,Bahamas,Final,1996,1996
0,44,Bahamas,0,0,Bahamas,Final,1997,1997
0,44,Bahamas,336,0,Bahamas,Final,1998,1998
0,44,Bahamas,0,0,Bahamas,Final,1999,1999
0,44,Bahamas,0,0,Bahamas,Final,2000,2000
0,44,Bahamas,0,0,Bahamas,Final,2001,2001
0,44,Bahamas,0,0,Bahamas,Final,2002,2002
0,44,Bahamas,180,0,Bahamas,Final,2003,2003
0,44,Bahamas,1,0,Bahamas,Final,2004,2004
0,44,Bahamas,0,0,Bahamas,Final,2005,2005
0,44,Bahamas,1,0,Bahamas,Final,2006,2006
0,44,Bahamas,0,0,Bahamas,Final,2007,2007
0,44,Bahamas,1,0,Bahamas,Final,2008,2008
0,44,Bahamas,1,0,Bahamas,Final,2009,2009
40,44,Bahamas,10,4,Bahamas,Final,2010,2010
0,44,Bahamas,6997,0,Bahamas,Final,2011,2011
0,44,Bahamas,3,0,Bahamas,Final,2012,2012
0,44,Bahamas,3,0,Bahamas,Final,2013,2013
0,44,Bahamas,136,0,Bahamas,Final,2014,2014
0,52,Barbados,0,0,Barbados,Final,1980,1980
0,52,Barbados,6,0,Barbados,Final,1981,1981
0,52,Barbados,99,0,Barbados,Final,1982,1982
0,52,Barbados,63,0,Barbados,Final,1983,1983
0,52,Barbados,63,0,Barbados,Final,1984,1984
0,52,Barbados,0,0,Barbados,Final,1985,1985
0,52,Barbados,0,0,Barbados,Final,1986,1986
0,52,Barbados,78,0,Barbados,Final,1987,1987
0,52,Barbados,10,0,Barbados,Final,1988,1988
0,52,Barbados,45,0,Barbados,Final,1989,1989
0,52,Barbados,236,0,Barbados,Final,1990,1990
0,52,Barbados,21,0,Barbados,Final,1991,1991
0,52,Barbados,4,0,Barbados,Final,1992,1992
0,52,Barbados,1,0,Barbados,Final,1993,1993
0,52,Barbados,0,0,Barbados,Final,1994,1994
0.1,52,Barbados,974,1,Barbados,Final,1995,1995
0,52,Barbados,130,0,Barbados,Final,1996,1996
1.02,52,Barbados,196,2,Barbados,Final,1997,1997
0,52,Barbados,852,0,Barbados,Final,1998,1998
0.58,52,Barbados,688,4,Barbados,Final,1999,1999
0,52,Barbados,744,0,Barbados,Final,2000,2000
0,52,Barbados,1029,0,Barbados,Final,2001,2001
0,52,Barbados,740,0,Barbados,Final,2002,2002
0,52,Barbados,557,0,Barbados,Final,2003,2003
0,52,Barbados,349,0,Barbados,Final,2004,2004
0,52,Barbados,320,0,Barbados,Final,2005,2005
0,52,Barbados,1,0,Barbados,Final,2006,2006
0,52,Barbados,0,0,Barbados,Final,2007,2007
0,52,Barbados,1,0,Barbados,Final,2008,2008
0,52,Barbados,55,0,Barbados,Final,2009,2009
0,52,Barbados,2966,0,Barbados,Final,2010,2010
0.27,52,Barbados,739,2,Barbados,Final,2011,2011
0.11,52,Barbados,912,1,Barbados,Final,2012,2012
0.14,52,Barbados,2848,4,Barbados,Final,2013,2013
0,52,Barbados,1728,0,Barbados,Final,2014,2014
0,60,Bermuda,0,0,Bermuda,Final,1991,1991
0,60,Bermuda,0,0,Bermuda,Final,1992,1992
0,60,Bermuda,0,0,Bermuda,Final,1993,1993
0,60,Bermuda,0,0,Bermuda,Final,1994,1994
0,60,Bermuda,0,0,Bermuda,Final,1995,1995
0,60,Bermuda,0,0,Bermuda,Final,1996,1996
0,60,Bermuda,0,0,Bermuda,Final,1997,1997
0,60,Bermuda,0,0,Bermuda,Final,1998,1998
0,60,Bermuda,3,0,Bermuda,Final,1999,1999
0,60,Bermuda,0,0,Bermuda,Final,2000,2000
0,60,Bermuda,0,0,Bermuda,Final,2001,2001
0,60,Bermuda,0,0,Bermuda,Final,2002,2002
0,60,Bermuda,0,0,Bermuda,Final,2003,2003
0,60,Bermuda,0,0,Bermuda,Final,2004,2004
0,60,Bermuda,2,0,Bermuda,Final,2005,2005
0,60,Bermuda,2,0,Bermuda,Final,2006,2006
0,60,Bermuda,0,0,Bermuda,Final,2007,2007
0,60,Bermuda,0,0,Bermuda,Final,2008,2008
0,60,Bermuda,0,0,Bermuda,Final,2009,2009
0,60,Bermuda,2,0,Bermuda,Final,2010,2010
0,60,Bermuda,1,0,Bermuda,Final,2011,2011
0,60,Bermuda,0,0,Bermuda,Final,2012,2012
0,60,Bermuda,1,0,Bermuda,Final,2013,2013
0,60,Bermuda,0,0,Bermuda,Final,2014,2014
0,68,Bolivia,0,0,Bolivia,Final,1980,1980
0,68,Bolivia,0,0,Bolivia,Final,1981,1981
0,68,Bolivia,0,0,Bolivia,Final,1982,1982
0,68,Bolivia,0,0,Bolivia,Final,1983,1983
0,68,Bolivia,0,0,Bolivia,Final,1984,1984
0,68,Bolivia,0,0,Bolivia,Final,1985,1985
0,68,Bolivia,0,0,Bolivia,Final,1986,1986
0,68,Bolivia,1994,0,Bolivia,Final,1987,1987
0,68,Bolivia,4847,0,Bolivia,Final,1988,1988
0,68,Bolivia,5334,0,Bolivia,Final,1989,1989
0,68,Bolivia,40642,0,Bolivia,Final,1990,1990
0,68,Bolivia,97397,0,Bolivia,Final,1991,1991
0,68,Bolivia,3501,0,Bolivia,Final,1992,1992
0,68,Bolivia,6915,0,Bolivia,Final,1993,1993
0,68,Bolivia,54453,0,Bolivia,Final,1994,1994
0,68,Bolivia,7,0,Bolivia,Final,1995,1995
0,68,Bolivia,52,0,Bolivia,Final,1996,1996
0,68,Bolivia,539,0,Bolivia,Final,1997,1997
0,68,Bolivia,49,0,Bolivia,Final,1998,1998
0,68,Bolivia,43,0,Bolivia,Final,1999,1999
0,68,Bolivia,73,0,Bolivia,Final,2000,2000
0,68,Bolivia,176,0,Bolivia,Final,2001,2001
0.11,68,Bolivia,891,1,Bolivia,Final,2002,2002
0.09,68,Bolivia,6501,6,Bolivia,Final,2003,2003
0,68,Bolivia,7365,0,Bolivia,Final,2004,2004
0,68,Bolivia,4433,0,Bolivia,Final,2005,2005
0.05,68,Bolivia,2039,1,Bolivia,Final,2006,2006
0.01,68,Bolivia,7223,1,Bolivia,Final,2007,2007
0,68,Bolivia,3178,0,Bolivia,Final,2008,2008
0.03,68,Bolivia,83849,25,Bolivia,Final,2009,2009
0,68,Bolivia,9918,0,Bolivia,Final,2010,2010
0.18,68,Bolivia,26633,47,Bolivia,Final,2011,2011
0.07,68,Bolivia,51694,37,Bolivia,Final,2012,2012
0.06,68,Bolivia,13050,8,Bolivia,Final,2013,2013
0.03,68,Bolivia,23726,6,Bolivia,Final,2014,2014
0,76,Brazil,0,0,Brasil,Final,1980,1980
0,76,Brazil,0,0,Brasil,Final,1981,1981
0,76,Brazil,12000,0,Brasil,Final,1982,1982
0,76,Brazil,0,0,Brasil,Final,1983,1983
0,76,Brazil,0,0,Brasil,Final,1984,1984
0,76,Brazil,0,0,Brasil,Final,1985,1985
0.01,76,Brazil,47367,3,Brasil,Final,1986,1986
0,76,Brazil,89393,1,Brasil,Final,1987,1987
0,76,Brazil,190,0,Brasil,Final,1988,1988
0,76,Brazil,5334,0,Brasil,Final,1989,1989
0.02,76,Brazil,40642,8,Brasil,Final,1990,1990
0,76,Brazil,97209,0,Brasil,Final,1991,1991
0,76,Brazil,3501,0,Brasil,Final,1992,1992
0,76,Brazil,6915,0,Brasil,Final,1993,1993
0.02,76,Brazil,54453,11,Brasil,Final,1994,1994
0,76,Brazil,124775,2,Brasil,Final,1995,1995
0,76,Brazil,175749,1,Brasil,Final,1996,1996
0,76,Brazil,254074,5,Brasil,Final,1997,1997
0,76,Brazil,535283,10,Brasil,Final,1998,1998
0,76,Brazil,204131,3,Brasil,Final,1999,1999
0,76,Brazil,231412,3,Brasil,Final,2000,2000
0.01,76,Brazil,412388,29,Brasil,Final,2001,2001
0.02,76,Brazil,778037,145,Brasil,Final,2002,2002
0.01,76,Brazil,341189,38,Brasil,Final,2003,2003
0,76,Brazil,112851,3,Brasil,Final,2004,2004
0.02,76,Brazil,203356,43,Brasil,Final,2005,2005
0.02,76,Brazil,345922,67,Brasil,Final,2006,2006
0.03,76,Brazil,558413,158,Brasil,Final,2007,2007
0.03,76,Brazil,724427,212,Brasil,Final,2008,2008
0.06,76,Brazil,520660,298,Brasil,Final,2009,2009
0.07,76,Brazil,994158,656,Brasil,Final,2010,2010
0.06,76,Brazil,753487,482,Brasil,Final,2011,2011
0.05,76,Brazil,597450,284,Brasil,Final,2012,2012
0.04,76,Brazil,1473645,545,Brasil,Final,2013,2013
0.07,76,Brazil,591080,410,Brasil,Final,2014,2014
0,84,Belize,4,0,Belice,Final,1980,1980
0,84,Belize,9,0,Belice,Final,1981,1981
0,84,Belize,482,0,Belice,Final,1982,1982
0,84,Belize,26,0,Belice,Final,1983,1983
0,84,Belize,137,0,Belice,Final,1984,1984
0,84,Belize,0,0,Belice,Final,1985,1985
0,84,Belize,1,0,Belice,Final,1986,1986
0,84,Belize,0,0,Belice,Final,1987,1987
0,84,Belize,0,0,Belice,Final,1988,1988
0,84,Belize,0,0,Belice,Final,1989,1989
0,84,Belize,2,0,Belice,Final,1990,1990
0,84,Belize,0,0,Belice,Final,1991,1991
0,84,Belize,0,0,Belice,Final,1992,1992
0,84,Belize,0,0,Belice,Final,1993,1993
0,84,Belize,0,0,Belice,Final,1994,1994
0,84,Belize,107,0,Belice,Final,1995,1995
0,84,Belize,0,0,Belice,Final,1996,1996
0,84,Belize,141,0,Belice,Final,1997,1997
0,84,Belize,7,0,Belice,Final,1998,1998
0,84,Belize,3,0,Belice,Final,1999,1999
25,84,Belize,4,1,Belice,Final,2000,2000
0,84,Belize,3,0,Belice,Final,2001,2001
0,84,Belize,41,0,Belice,Final,2002,2002
0,84,Belize,0,0,Belice,Final,2003,2003
0,84,Belize,2,0,Belice,Final,2004,2004
0,84,Belize,380,0,Belice,Final,2005,2005
0,84,Belize,9,0,Belice,Final,2006,2006
0,84,Belize,40,0,Belice,Final,2007,2007
0,84,Belize,23,0,Belice,Final,2008,2008
0,84,Belize,1370,0,Belice,Final,2009,2009
0.16,84,Belize,1885,3,Belice,Final,2010,2010
0,84,Belize,466,0,Belice,Final,2011,2011
0,84,Belize,1421,0,Belice,Final,2012,2012
0,84,Belize,2690,0,Belice,Final,2013,2013
0,84,Belize,3165,0,Belice,Final,2014,2014
0,92,Virgin Islands (UK),0,0,Islas Vírgenes (RU),Final,1991,1991
0,92,Virgin Islands (UK),0,0,Islas Vírgenes (RU),Final,1992,1992
0,92,Virgin Islands (UK),0,0,Islas Vírgenes (RU),Final,1993,1993
0,92,Virgin Islands (UK),0,0,Islas Vírgenes (RU),Final,1994,1994
0,92,Virgin Islands (UK),0,0,Islas Vírgenes (RU),Final,1995,1995
0,92,Virgin Islands (UK),0,0,Islas Vírgenes (RU),Final,1996,1996
0,92,Virgin Islands (UK),0,0,Islas Vírgenes (RU),Final,1997,1997
0,92,Virgin Islands (UK),1,0,Islas Vírgenes (RU),Final,1998,1998
0,92,Virgin Islands (UK),0,0,Islas Vírgenes (RU),Final,1999,1999
0,92,Virgin Islands (UK),3,0,Islas Vírgenes (RU),Final,2000,2000
0,92,Virgin Islands (UK),23,0,Islas Vírgenes (RU),Final,2001,2001
0,92,Virgin Islands (UK),0,0,Islas Vírgenes (RU),Final,2002,2002
0,92,Virgin Islands (UK),0,0,Islas Vírgenes (RU),Final,2003,2003
0,92,Virgin Islands (UK),0,0,Islas Vírgenes (RU),Final,2004,2004
0,92,Virgin Islands (UK),0,0,Islas Vírgenes (RU),Final,2005,2005
0,92,Virgin Islands (UK),0,0,Islas Vírgenes (RU),Final,2006,2006
0,92,Virgin Islands (UK),6,0,Islas Vírgenes (RU),Final,2007,2007
0,92,Virgin Islands (UK),15,0,Islas Vírgenes (RU),Final,2008,2008
0,92,Virgin Islands (UK),65,0,Islas Vírgenes (RU),Final,2009,2009
0,92,Virgin Islands (UK),9,0,Islas Vírgenes (RU),Final,2010,2010
0,92,Virgin Islands (UK),939,0,Islas Vírgenes (RU),Final,2011,2011
0,92,Virgin Islands (UK),12,0,Islas Vírgenes (RU),Final,2012,2012
0,92,Virgin Islands (UK),223,0,Islas Vírgenes (RU),Final,2013,2013
0,92,Virgin Islands (UK),205,0,Islas Vírgenes (RU),Final,2014,2014
0,124,Canada,0,0,Canadá,Final,1980,1980
0,124,Canada,0,0,Canadá,Final,1981,1981
0,124,Canada,0,0,Canadá,Final,1982,1982
0,124,Canada,0,0,Canadá,Final,1983,1983
0,124,Canada,0,0,Canadá,Final,1984,1984
0,124,Canada,0,0,Canadá,Final,1985,1985
0,124,Canada,0,0,Canadá,Final,1986,1986
0,124,Canada,0,0,Canadá,Final,1987,1987
0,124,Canada,0,0,Canadá,Final,1988,1988
0,124,Canada,0,0,Canadá,Final,1989,1989
0,124,Canada,0,0,Canadá,Final,1990,1990
0,124,Canada,0,0,Canadá,Final,1991,1991
0,124,Canada,0,0,Canadá,Final,1992,1992
0,124,Canada,0,0,Canadá,Final,1993,1993
0,124,Canada,0,0,Canadá,Final,1994,1994
0,124,Canada,0,0,Canadá,Final,1995,1995
0,124,Canada,0,0,Canadá,Final,1996,1996
0,124,Canada,0,0,Canadá,Final,1997,1997
0,124,Canada,0,0,Canadá,Final,1998,1998
0,124,Canada,0,0,Canadá,Final,1999,1999
0,124,Canada,0,0,Canadá,Final,2000,2000
0,124,Canada,0,0,Canadá,Final,2001,2001
0,124,Canada,0,0,Canadá,Final,2002,2002
0,124,Canada,0,0,Canadá,Final,2003,2003
0,124,Canada,0,0,Canadá,Final,2004,2004
0,124,Canada,0,0,Canadá,Final,2005,2005
0,124,Canada,0,0,Canadá,Final,2006,2006
0,124,Canada,0,0,Canadá,Final,2007,2007
0,124,Canada,0,0,Canadá,Final,2008,2008
0,124,Canada,0,0,Canadá,Final,2009,2009
0,124,Canada,0,0,Canadá,Final,2010,2010
0,124,Canada,0,0,Canadá,Final,2011,2011
0,124,Canada,0,0,Canadá,Final,2012,2012
0,124,Canada,0,0,Canadá,Final,2013,2013
0,124,Canada,0,0,Canadá,Final,2014,2014
0,136,Cayman Islands,0,0,Islas Caimán,Final,1989,1989
0,136,Cayman Islands,0,0,Islas Caimán,Final,1990,1990
0,136,Cayman Islands,0,0,Islas Caimán,Final,1991,1991
0,136,Cayman Islands,0,0,Islas Caimán,Final,1992,1992
0,136,Cayman Islands,0,0,Islas Caimán,Final,1993,1993
0,136,Cayman Islands,0,0,Islas Caimán,Final,1994,1994
0,136,Cayman Islands,1,0,Islas Caimán,Final,1995,1995
0,136,Cayman Islands,0,0,Islas Caimán,Final,1996,1996
0,136,Cayman Islands,0,0,Islas Caimán,Final,1997,1997
0,136,Cayman Islands,2,0,Islas Caimán,Final,1998,1998
0,136,Cayman Islands,1,0,Islas Caimán,Final,1999,1999
0,136,Cayman Islands,0,0,Islas Caimán,Final,2000,2000
0,136,Cayman Islands,0,0,Islas Caimán,Final,2001,2001
0,136,Cayman Islands,1,0,Islas Caimán,Final,2002,2002
0,136,Cayman Islands,1,0,Islas Caimán,Final,2003,2003
0,136,Cayman Islands,0,0,Islas Caimán,Final,2004,2004
0,136,Cayman Islands,1,0,Islas Caimán,Final,2005,2005
0,136,Cayman Islands,0,0,Islas Caimán,Final,2006,2006
0,136,Cayman Islands,9,0,Islas Caimán,Final,2007,2007
0,136,Cayman Islands,1,0,Islas Caimán,Final,2008,2008
0,136,Cayman Islands,0,0,Islas Caimán,Final,2009,2009
0,136,Cayman Islands,8,0,Islas Caimán,Final,2010,2010
0,136,Cayman Islands,2,0,Islas Caimán,Final,2011,2011
0,136,Cayman Islands,53,0,Islas Caimán,Final,2012,2012
0,136,Cayman Islands,69,0,Islas Caimán,Final,2013,2013
0,136,Cayman Islands,105,0,Islas Caimán,Final,2014,2014
0,152,Chile,0,0,Chile,Final,1980,1980
0,152,Chile,0,0,Chile,Final,1981,1981
0,152,Chile,0,0,Chile,Final,1982,1982
0,152,Chile,0,0,Chile,Final,1983,1983
0,152,Chile,0,0,Chile,Final,1984,1984
0,152,Chile,0,0,Chile,Final,1985,1985
0,152,Chile,0,0,Chile,Final,1986,1986
0,152,Chile,0,0,Chile,Final,1987,1987
0,152,Chile,0,0,Chile,Final,1988,1988
0,152,Chile,0,0,Chile,Final,1989,1989
0,152,Chile,0,0,Chile,Final,1990,1990
0,152,Chile,0,0,Chile,Final,1991,1991
0,152,Chile,0,0,Chile,Final,1992,1992
0,152,Chile,0,0,Chile,Final,1993,1993
0,152,Chile,0,0,Chile,Final,1994,1994
0,152,Chile,0,0,Chile,Final,1995,1995
0,152,Chile,0,0,Chile,Final,1996,1996
0,152,Chile,0,0,Chile,Final,1997,1997
0,152,Chile,0,0,Chile,Final,1998,1998
0,152,Chile,0,0,Chile,Final,1999,1999
0,152,Chile,0,0,Chile,Final,2000,2000
0,152,Chile,0,0,Chile,Final,2001,2001
0,152,Chile,636,0,Chile,Final,2002,2002
0,152,Chile,0,0,Chile,Final,2003,2003
0,152,Chile,0,0,Chile,Final,2004,2004
0,152,Chile,0,0,Chile,Final,2005,2005
0,152,Chile,3,0,Chile,Final,2006,2006
0,152,Chile,28,0,Chile,Final,2007,2007
0,152,Chile,25,0,Chile,Final,2008,2008
0,152,Chile,51,0,Chile,Final,2009,2009
0,152,Chile,23,0,Chile,Final,2010,2010
0,152,Chile,1,0,Chile,Final,2011,2011
0,152,Chile,32,0,Chile,Final,2012,2012
0,152,Chile,44,0,Chile,Final,2013,2013
0,152,Chile,25,0,Chile,Final,2014,2014
0,170,Colombia,8964,0,Colombia,Final,1980,1980
0,170,Colombia,10790,0,Colombia,Final,1981,1981
0,170,Colombia,6776,0,Colombia,Final,1982,1982
0,170,Colombia,12919,0,Colombia,Final,1983,1983
0,170,Colombia,7540,0,Colombia,Final,1984,1984
0,170,Colombia,82271,1,Colombia,Final,1985,1985
0,170,Colombia,7881,0,Colombia,Final,1986,1986
0,170,Colombia,17510,0,Colombia,Final,1987,1987
0,170,Colombia,16308,0,Colombia,Final,1988,1988
0,170,Colombia,10091,0,Colombia,Final,1989,1989
0.01,170,Colombia,17350,1,Colombia,Final,1990,1990
0,170,Colombia,15104,0,Colombia,Final,1991,1991
0,170,Colombia,59853,0,Colombia,Final,1992,1992
0,170,Colombia,8449,0,Colombia,Final,1993,1993
0,170,Colombia,774,0,Colombia,Final,1994,1994
0.03,170,Colombia,50031,14,Colombia,Final,1995,1995
0.04,170,Colombia,31398,11,Colombia,Final,1996,1996
0.14,170,Colombia,20340,28,Colombia,Final,1997,1997
0.11,170,Colombia,58011,63,Colombia,Final,1998,1998
0.07,170,Colombia,19243,14,Colombia,Final,1999,1999
0.09,170,Colombia,20956,19,Colombia,Final,2000,2000
0.11,170,Colombia,48874,54,Colombia,Final,2001,2001
0.04,170,Colombia,71727,27,Colombia,Final,2002,2002
0.01,170,Colombia,47710,7,Colombia,Final,2003,2003
0.08,170,Colombia,24708,20,Colombia,Final,2004,2004
0.18,170,Colombia,26169,47,Colombia,Final,2005,2005
0.16,170,Colombia,31092,50,Colombia,Final,2006,2006
0.05,170,Colombia,38562,20,Colombia,Final,2007,2007
0.05,170,Colombia,23651,12,Colombia,Final,2008,2008
0.1,170,Colombia,44412,44,Colombia,Final,2009,2009
0.15,170,Colombia,147670,217,Colombia,Final,2010,2010
0.13,170,Colombia,31819,42,Colombia,Final,2011,2011
0.1,170,Colombia,50040,52,Colombia,Final,2012,2012
0.12,170,Colombia,126425,156,Colombia,Final,2013,2013
0.16,170,Colombia,105356,166,Colombia,Final,2014,2014
0,188,Costa Rica,0,0,Costa Rica,Final,1980,1980
0,188,Costa Rica,0,0,Costa Rica,Final,1981,1981
0,188,Costa Rica,0,0,Costa Rica,Final,1982,1982
0,188,Costa Rica,0,0,Costa Rica,Final,1983,1983
0,188,Costa Rica,0,0,Costa Rica,Final,1984,1984
0,188,Costa Rica,0,0,Costa Rica,Final,1985,1985
0,188,Costa Rica,0,0,Costa Rica,Final,1986,1986
0,188,Costa Rica,0,0,Costa Rica,Final,1987,1987
0,188,Costa Rica,0,0,Costa Rica,Final,1988,1988
0,188,Costa Rica,0,0,Costa Rica,Final,1989,1989
0,188,Costa Rica,0,0,Costa Rica,Final,1990,1990
0,188,Costa Rica,0,0,Costa Rica,Final,1991,1991
0,188,Costa Rica,0,0,Costa Rica,Final,1992,1992
0,188,Costa Rica,0,0,Costa Rica,Final,1993,1993
0,188,Costa Rica,0,0,Costa Rica,Final,1994,1994
0,188,Costa Rica,5133,0,Costa Rica,Final,1995,1995
0,188,Costa Rica,2307,0,Costa Rica,Final,1996,1996
0.01,188,Costa Rica,14259,2,Costa Rica,Final,1997,1997
0,188,Costa Rica,2628,0,Costa Rica,Final,1998,1998
0,188,Costa Rica,5923,0,Costa Rica,Final,1999,1999
0,188,Costa Rica,4903,0,Costa Rica,Final,2000,2000
0,188,Costa Rica,9200,0,Costa Rica,Final,2001,2001
0,188,Costa Rica,12224,0,Costa Rica,Final,2002,2002
0,188,Costa Rica,19600,0,Costa Rica,Final,2003,2003
0,188,Costa Rica,9397,0,Costa Rica,Final,2004,2004
0.01,188,Costa Rica,37746,2,Costa Rica,Final,2005,2005
0,188,Costa Rica,12052,0,Costa Rica,Final,2006,2006
0.03,188,Costa Rica,26122,8,Costa Rica,Final,2007,2007
0,188,Costa Rica,7108,0,Costa Rica,Final,2008,2008
0,188,Costa Rica,6938,0,Costa Rica,Final,2009,2009
0,188,Costa Rica,31752,0,Costa Rica,Final,2010,2010
0,188,Costa Rica,13826,0,Costa Rica,Final,2011,2011
0,188,Costa Rica,20996,0,Costa Rica,Final,2012,2012
0,188,Costa Rica,49868,1,Costa Rica,Final,2013,2013
0,188,Costa Rica,11140,0,Costa Rica,Final,2014,2014
0,192,Cuba,0,0,Cuba,Final,1980,1980
0.05,192,Cuba,333891,158,Cuba,Final,1981,1981
0,192,Cuba,0,0,Cuba,Final,1982,1982
0,192,Cuba,0,0,Cuba,Final,1983,1983
0,192,Cuba,0,0,Cuba,Final,1984,1984
0,192,Cuba,0,0,Cuba,Final,1985,1985
0,192,Cuba,0,0,Cuba,Final,1986,1986
0,192,Cuba,0,0,Cuba,Final,1987,1987
0,192,Cuba,0,0,Cuba,Final,1988,1988
0,192,Cuba,0,0,Cuba,Final,1989,1989
0,192,Cuba,0,0,Cuba,Final,1990,1990
0,192,Cuba,0,0,Cuba,Final,1991,1991
0,192,Cuba,0,0,Cuba,Final,1992,1992
0,192,Cuba,0,0,Cuba,Final,1993,1993
0,192,Cuba,0,0,Cuba,Final,1994,1994
0,192,Cuba,0,0,Cuba,Final,1995,1995
0,192,Cuba,0,0,Cuba,Final,1996,1996
0.43,192,Cuba,2807,12,Cuba,Final,1997,1997
0,192,Cuba,0,0,Cuba,Final,1998,1998
0,192,Cuba,0,0,Cuba,Final,1999,1999
0,192,Cuba,138,0,Cuba,Final,2000,2000
0.02,192,Cuba,11363,2,Cuba,Final,2001,2001
0.03,192,Cuba,2999,1,Cuba,Final,2002,2002
0,192,Cuba,0,0,Cuba,Final,2003,2003
0,192,Cuba,0,0,Cuba,Final,2004,2004
0,192,Cuba,75,0,Cuba,Final,2005,2005
0,192,Cuba,0,0,Cuba,Final,2006,2006
0,192,Cuba,28,0,Cuba,Final,2007,2007
0,192,Cuba,0,0,Cuba,Final,2008,2008
0,192,Cuba,70,0,Cuba,Final,2009,2009
0,192,Cuba,0,0,Cuba,Final,2010,2010
0,192,Cuba,0,0,Cuba,Final,2011,2011
0,192,Cuba,0,0,Cuba,Final,2012,2012
0,192,Cuba,0,0,Cuba,Final,2013,2013
0,192,Cuba,0,0,Cuba,Final,2014,2014
0,212,Dominica,0,0,Dominica,Final,1981,1981
0,212,Dominica,0,0,Dominica,Final,1982,1982
0,212,Dominica,0,0,Dominica,Final,1983,1983
0,212,Dominica,0,0,Dominica,Final,1984,1984
0,212,Dominica,0,0,Dominica,Final,1985,1985
0,212,Dominica,0,0,Dominica,Final,1986,1986
0,212,Dominica,0,0,Dominica,Final,1987,1987
0,212,Dominica,0,0,Dominica,Final,1988,1988
0,212,Dominica,0,0,Dominica,Final,1989,1989
0,212,Dominica,6,0,Dominica,Final,1990,1990
0,212,Dominica,12,0,Dominica,Final,1991,1991
0,212,Dominica,0,0,Dominica,Final,1992,1992
0,212,Dominica,1,0,Dominica,Final,1993,1993
0,212,Dominica,0,0,Dominica,Final,1994,1994
0,212,Dominica,282,0,Dominica,Final,1995,1995
0,212,Dominica,3,0,Dominica,Final,1996,1996
0,212,Dominica,0,0,Dominica,Final,1997,1997
0,212,Dominica,1,0,Dominica,Final,1998,1998
0,212,Dominica,1,0,Dominica,Final,1999,1999
0,212,Dominica,15,0,Dominica,Final,2000,2000
0,212,Dominica,5,0,Dominica,Final,2001,2001
0,212,Dominica,0,0,Dominica,Final,2002,2002
0,212,Dominica,0,0,Dominica,Final,2003,2003
0,212,Dominica,4,0,Dominica,Final,2004,2004
0,212,Dominica,7,0,Dominica,Final,2005,2005
0,212,Dominica,19,0,Dominica,Final,2006,2006
0,212,Dominica,110,0,Dominica,Final,2007,2007
0,212,Dominica,80,0,Dominica,Final,2008,2008
0,212,Dominica,2,0,Dominica,Final,2009,2009
0,212,Dominica,633,0,Dominica,Final,2010,2010
0,212,Dominica,40,0,Dominica,Final,2011,2011
0,212,Dominica,3,0,Dominica,Final,2012,2012
0,212,Dominica,197,0,Dominica,Final,2013,2013
0,212,Dominica,184,0,Dominica,Final,2014,2014
0,214,Dominican Republic,54,0,República Dominicana,Final,1980,1980
0,214,Dominican Republic,619,0,República Dominicana,Final,1981,1981
0,214,Dominican Republic,435,0,República Dominicana,Final,1982,1982
0,214,Dominican Republic,538,0,República Dominicana,Final,1983,1983
0,214,Dominican Republic,260,0,República Dominicana,Final,1984,1984
0,214,Dominican Republic,92,0,República Dominicana,Final,1985,1985
0,214,Dominican Republic,6,0,República Dominicana,Final,1986,1986
0,214,Dominican Republic,20,0,República Dominicana,Final,1987,1987
1.25,214,Dominican Republic,160,2,República Dominicana,Final,1988,1988
0,214,Dominican Republic,7,0,República Dominicana,Final,1989,1989
0,214,Dominican Republic,39,0,República Dominicana,Final,1990,1990
0,214,Dominican Republic,24,0,República Dominicana,Final,1991,1991
0,214,Dominican Republic,107,0,República Dominicana,Final,1992,1992
0,214,Dominican Republic,0,0,República Dominicana,Final,1993,1993
0,214,Dominican Republic,0,0,República Dominicana,Final,1994,1994
0.95,214,Dominican Republic,211,2,República Dominicana,Final,1995,1995
2.78,214,Dominican Republic,72,2,República Dominicana,Final,1996,1996
1.17,214,Dominican Republic,512,6,República Dominicana,Final,1997,1997
0.35,214,Dominican Republic,2873,10,República Dominicana,Final,1998,1998
1.42,214,Dominican Republic,1059,15,República Dominicana,Final,1999,1999
0.18,214,Dominican Republic,3404,6,República Dominicana,Final,2000,2000
0,214,Dominican Republic,3588,0,República Dominicana,Final,2001,2001
0.45,214,Dominican Republic,3118,14,República Dominicana,Final,2002,2002
1.27,214,Dominican Republic,5911,75,República Dominicana,Final,2003,2003
0.56,214,Dominican Republic,2340,13,República Dominicana,Final,2004,2004
0.65,214,Dominican Republic,2776,18,República Dominicana,Final,2005,2005
0.9,214,Dominican Republic,5913,53,República Dominicana,Final,2006,2006
0.5,214,Dominican Republic,9403,47,República Dominicana,Final,2007,2007
0.92,214,Dominican Republic,4150,38,República Dominicana,Final,2008,2008
0.71,214,Dominican Republic,7297,52,República Dominicana,Final,2009,2009
0.44,214,Dominican Republic,11060,49,República Dominicana,Final,2010,2010
0.09,214,Dominican Republic,2232,2,República Dominicana,Final,2011,2011
0.76,214,Dominican Republic,9284,71,República Dominicana,Final,2012,2012
0.67,214,Dominican Republic,16503,111,República Dominicana,Final,2013,2013
1.02,214,Dominican Republic,6059,62,República Dominicana,Final,2014,2014
0,218,Ecuador,0,0,Ecuador,Final,1980,1980
0,218,Ecuador,0,0,Ecuador,Final,1981,1981
0,218,Ecuador,0,0,Ecuador,Final,1982,1982
0,218,Ecuador,0,0,Ecuador,Final,1983,1983
0,218,Ecuador,0,0,Ecuador,Final,1984,1984
0,218,Ecuador,0,0,Ecuador,Final,1985,1985
0,218,Ecuador,0,0,Ecuador,Final,1986,1986
0,218,Ecuador,0,0,Ecuador,Final,1987,1987
0,218,Ecuador,420025,0,Ecuador,Final,1988,1988
0,218,Ecuador,19,0,Ecuador,Final,1989,1989
0,218,Ecuador,302,0,Ecuador,Final,1990,1990
0,218,Ecuador,94,0,Ecuador,Final,1991,1991
0,218,Ecuador,137,0,Ecuador,Final,1992,1992
0,218,Ecuador,9015,0,Ecuador,Final,1993,1993
0,218,Ecuador,8145,0,Ecuador,Final,1994,1994
0,218,Ecuador,6607,0,Ecuador,Final,1995,1995
0,218,Ecuador,5189,0,Ecuador,Final,1996,1996
0,218,Ecuador,3871,0,Ecuador,Final,1997,1997
0,218,Ecuador,4606,0,Ecuador,Final,1998,1998
0,218,Ecuador,2901,0,Ecuador,Final,1999,1999
0,218,Ecuador,22934,1,Ecuador,Final,2000,2000
0,218,Ecuador,10864,0,Ecuador,Final,2001,2001
0,218,Ecuador,5675,0,Ecuador,Final,2002,2002
0.05,218,Ecuador,9903,5,Ecuador,Final,2003,2003
0.03,218,Ecuador,6101,2,Ecuador,Final,2004,2004
0.12,218,Ecuador,11797,14,Ecuador,Final,2005,2005
0.1,218,Ecuador,5871,6,Ecuador,Final,2006,2006
0.05,218,Ecuador,10253,5,Ecuador,Final,2007,2007
0,218,Ecuador,1879,0,Ecuador,Final,2008,2008
0.02,218,Ecuador,4400,1,Ecuador,Final,2009,2009
0,218,Ecuador,17516,0,Ecuador,Final,2010,2010
0.11,218,Ecuador,7567,8,Ecuador,Final,2011,2011
0.12,218,Ecuador,19367,23,Ecuador,Final,2012,2012
0.09,218,Ecuador,11662,11,Ecuador,Final,2013,2013
0.08,218,Ecuador,15446,12,Ecuador,Final,2014,2014
0,222,El Salvador,2060,0,El Salvador,Final,1980,1980
0,222,El Salvador,5185,0,El Salvador,Final,1981,1981
0,222,El Salvador,5166,0,El Salvador,Final,1982,1982
0,222,El Salvador,3814,0,El Salvador,Final,1983,1983
0,222,El Salvador,560,0,El Salvador,Final,1984,1984
0,222,El Salvador,425,0,El Salvador,Final,1985,1985
0,222,El Salvador,916,0,El Salvador,Final,1986,1986
0.11,222,El Salvador,2836,3,El Salvador,Final,1987,1987
0.22,222,El Salvador,1786,4,El Salvador,Final,1988,1988
0,222,El Salvador,518,0,El Salvador,Final,1989,1989
0,222,El Salvador,2381,0,El Salvador,Final,1990,1990
0,222,El Salvador,1273,0,El Salvador,Final,1991,1991
0,222,El Salvador,884,0,El Salvador,Final,1992,1992
0,222,El Salvador,9015,0,El Salvador,Final,1993,1993
0,222,El Salvador,8145,0,El Salvador,Final,1994,1994
0.05,222,El Salvador,9529,5,El Salvador,Final,1995,1995
0,222,El Salvador,789,0,El Salvador,Final,1996,1996
0,222,El Salvador,423,0,El Salvador,Final,1997,1997
0,222,El Salvador,1686,0,El Salvador,Final,1998,1998
0.72,222,El Salvador,556,4,El Salvador,Final,1999,1999
0.92,222,El Salvador,2837,26,El Salvador,Final,2000,2000
0.38,222,El Salvador,1039,4,El Salvador,Final,2001,2001
0.06,222,El Salvador,17902,11,El Salvador,Final,2002,2002
0.11,222,El Salvador,7298,8,El Salvador,Final,2003,2003
0.01,222,El Salvador,13190,1,El Salvador,Final,2004,2004
0,222,El Salvador,15083,0,El Salvador,Final,2005,2005
0.02,222,El Salvador,21843,4,El Salvador,Final,2006,2006
0,222,El Salvador,12376,0,El Salvador,Final,2007,2007
0,222,El Salvador,5774,0,El Salvador,Final,2008,2008
0.07,222,El Salvador,14928,10,El Salvador,Final,2009,2009
0.01,222,El Salvador,22221,2,El Salvador,Final,2010,2010
0.03,222,El Salvador,20623,7,El Salvador,Final,2011,2011
0.01,222,El Salvador,43163,6,El Salvador,Final,2012,2012
0.01,222,El Salvador,28877,3,El Salvador,Final,2013,2013
0.01,222,El Salvador,53381,6,El Salvador,Final,2014,2014
0,254,French Guiana,0,0,Guayana Francesa,Final,1980,1980
0,254,French Guiana,0,0,Guayana Francesa,Final,1981,1981
0,254,French Guiana,0,0,Guayana Francesa,Final,1982,1982
0,254,French Guiana,0,0,Guayana Francesa,Final,1983,1983
0,254,French Guiana,0,0,Guayana Francesa,Final,1984,1984
0,254,French Guiana,0,0,Guayana Francesa,Final,1985,1985
0,254,French Guiana,0,0,Guayana Francesa,Final,1986,1986
0,254,French Guiana,0,0,Guayana Francesa,Final,1987,1987
0,254,French Guiana,0,0,Guayana Francesa,Final,1988,1988
0,254,French Guiana,0,0,Guayana Francesa,Final,1989,1989
0,254,French Guiana,0,0,Guayana Francesa,Final,1990,1990
20,254,French Guiana,15,3,Guayana Francesa,Final,1991,1991
0,254,French Guiana,0,0,Guayana Francesa,Final,1992,1992
0,254,French Guiana,0,0,Guayana Francesa,Final,1993,1993
0,254,French Guiana,0,0,Guayana Francesa,Final,1994,1994
0,254,French Guiana,895,0,Guayana Francesa,Final,1995,1995
0,254,French Guiana,358,0,Guayana Francesa,Final,1996,1996
0,254,French Guiana,848,0,Guayana Francesa,Final,1997,1997
0,254,French Guiana,533,0,Guayana Francesa,Final,1998,1998
0,254,French Guiana,88,0,Guayana Francesa,Final,1999,1999
0,254,French Guiana,182,0,Guayana Francesa,Final,2000,2000
0,254,French Guiana,2830,0,Guayana Francesa,Final,2001,2001
0,254,French Guiana,280,0,Guayana Francesa,Final,2002,2002
0,254,French Guiana,2178,0,Guayana Francesa,Final,2003,2003
0,254,French Guiana,3147,0,Guayana Francesa,Final,2004,2004
0,254,French Guiana,4365,0,Guayana Francesa,Final,2005,2005
0.03,254,French Guiana,15904,4,Guayana Francesa,Final,2006,2006
0,254,French Guiana,661,0,Guayana Francesa,Final,2007,2007
0,254,French Guiana,460,0,Guayana Francesa,Final,2008,2008
0.02,254,French Guiana,11328,2,Guayana Francesa,Final,2009,2009
0.01,254,French Guiana,10488,1,Guayana Francesa,Final,2010,2010
0,254,French Guiana,663,0,Guayana Francesa,Final,2011,2011
0,254,French Guiana,662,0,Guayana Francesa,Final,2012,2012
0.04,254,French Guiana,16263,6,Guayana Francesa,Final,2013,2013
0,254,French Guiana,1180,0,Guayana Francesa,Final,2014,2014
0,308,Grenada,0,0,Granada,Final,1981,1981
0,308,Grenada,0,0,Granada,Final,1982,1982
0,308,Grenada,0,0,Granada,Final,1983,1983
0,308,Grenada,0,0,Granada,Final,1984,1984
0,308,Grenada,0,0,Granada,Final,1985,1985
0,308,Grenada,0,0,Granada,Final,1986,1986
0,308,Grenada,0,0,Granada,Final,1987,1987
0,308,Grenada,0,0,Granada,Final,1988,1988
0,308,Grenada,1,0,Granada,Final,1989,1989
0,308,Grenada,3,0,Granada,Final,1990,1990
0,308,Grenada,1,0,Granada,Final,1991,1991
0,308,Grenada,1,0,Granada,Final,1992,1992
0,308,Grenada,1,0,Granada,Final,1993,1993
0,308,Grenada,0,0,Granada,Final,1994,1994
0,308,Grenada,73,0,Granada,Final,1995,1995
0,308,Grenada,6,0,Granada,Final,1996,1996
0,308,Grenada,22,0,Granada,Final,1997,1997
0,308,Grenada,4,0,Granada,Final,1998,1998
0,308,Grenada,85,0,Granada,Final,1999,1999
0,308,Grenada,27,0,Granada,Final,2000,2000
0,308,Grenada,12,0,Granada,Final,2001,2001
0,308,Grenada,81,0,Granada,Final,2002,2002
0,308,Grenada,17,0,Granada,Final,2003,2003
0,308,Grenada,7,0,Granada,Final,2004,2004
0,308,Grenada,0,0,Granada,Final,2005,2005
0,308,Grenada,22,0,Granada,Final,2006,2006
0,308,Grenada,0,0,Granada,Final,2007,2007
0,308,Grenada,6,0,Granada,Final,2008,2008
0,308,Grenada,23,0,Granada,Final,2009,2009
0.69,308,Grenada,145,1,Granada,Final,2010,2010
0,308,Grenada,86,0,Granada,Final,2011,2011
0,308,Grenada,68,0,Granada,Final,2012,2012
0,308,Grenada,155,0,Granada,Final,2013,2013
0,308,Grenada,38,0,Granada,Final,2014,2014
0,312,Guadeloupe,0,0,Guadalupe,Final,1980,1980
0,312,Guadeloupe,0,0,Guadalupe,Final,1981,1981
0,312,Guadeloupe,0,0,Guadalupe,Final,1982,1982
0,312,Guadeloupe,0,0,Guadalupe,Final,1983,1983
0,312,Guadeloupe,0,0,Guadalupe,Final,1984,1984
0,312,Guadeloupe,0,0,Guadalupe,Final,1985,1985
0,312,Guadeloupe,0,0,Guadalupe,Final,1986,1986
0,312,Guadeloupe,0,0,Guadalupe,Final,1987,1987
0,312,Guadeloupe,0,0,Guadalupe,Final,1988,1988
0,312,Guadeloupe,0,0,Guadalupe,Final,1989,1989
0,312,Guadeloupe,0,0,Guadalupe,Final,1990,1990
0,312,Guadeloupe,0,0,Guadalupe,Final,1991,1991
0,312,Guadeloupe,0,0,Guadalupe,Final,1992,1992
0,312,Guadeloupe,0,0,Guadalupe,Final,1993,1993
0,312,Guadeloupe,0,0,Guadalupe,Final,1994,1994
2.01,312,Guadeloupe,149,3,Guadalupe,Final,1995,1995
0,312,Guadeloupe,186,0,Guadalupe,Final,1996,1996
0,312,Guadeloupe,0,0,Guadalupe,Final,1997,1997
0,312,Guadeloupe,0,0,Guadalupe,Final,1998,1998
0,312,Guadeloupe,41,0,Guadalupe,Final,1999,1999
0,312,Guadeloupe,59,0,Guadalupe,Final,2000,2000
0,312,Guadeloupe,0,0,Guadalupe,Final,2001,2001
0,312,Guadeloupe,93,0,Guadalupe,Final,2002,2002
0,312,Guadeloupe,495,0,Guadalupe,Final,2003,2003
0,312,Guadeloupe,0,0,Guadalupe,Final,2004,2004
0,312,Guadeloupe,3358,0,Guadalupe,Final,2005,2005
0.03,312,Guadeloupe,2942,1,Guadalupe,Final,2006,2006
0.13,312,Guadeloupe,3162,4,Guadalupe,Final,2007,2007
0,312,Guadeloupe,277,0,Guadalupe,Final,2008,2008
0,312,Guadeloupe,2233,0,Guadalupe,Final,2009,2009
0.01,312,Guadeloupe,40737,5,Guadalupe,Final,2010,2010
0,312,Guadeloupe,101,0,Guadalupe,Final,2011,2011
0,312,Guadeloupe,1088,0,Guadalupe,Final,2012,2012
0.06,312,Guadeloupe,12706,8,Guadalupe,Final,2013,2013
0,312,Guadeloupe,1397,0,Guadalupe,Final,2014,2014
0,320,Guatemala,30,0,Guatemala,Final,1980,1980
0,320,Guatemala,104,0,Guatemala,Final,1981,1981
0,320,Guatemala,33,0,Guatemala,Final,1982,1982
0,320,Guatemala,2,0,Guatemala,Final,1983,1983
0,320,Guatemala,0,0,Guatemala,Final,1984,1984
0,320,Guatemala,0,0,Guatemala,Final,1985,1985
0,320,Guatemala,0,0,Guatemala,Final,1986,1986
0,320,Guatemala,2318,0,Guatemala,Final,1987,1987
0,320,Guatemala,5175,0,Guatemala,Final,1988,1988
0,320,Guatemala,7448,0,Guatemala,Final,1989,1989
0,320,Guatemala,5757,0,Guatemala,Final,1990,1990
0,320,Guatemala,10968,0,Guatemala,Final,1991,1991
0,320,Guatemala,1286,0,Guatemala,Final,1992,1992
0,320,Guatemala,1907,0,Guatemala,Final,1993,1993
0,320,Guatemala,2872,0,Guatemala,Final,1994,1994
0,320,Guatemala,3979,0,Guatemala,Final,1995,1995
0,320,Guatemala,3660,0,Guatemala,Final,1996,1996
0,320,Guatemala,5379,0,Guatemala,Final,1997,1997
0,320,Guatemala,4653,0,Guatemala,Final,1998,1998
0.03,320,Guatemala,3615,1,Guatemala,Final,1999,1999
0.1,320,Guatemala,8964,9,Guatemala,Final,2000,2000
0.04,320,Guatemala,4512,2,Guatemala,Final,2001,2001
0.08,320,Guatemala,7552,6,Guatemala,Final,2002,2002
0.04,320,Guatemala,6728,3,Guatemala,Final,2003,2003
0.06,320,Guatemala,6313,4,Guatemala,Final,2004,2004
0.02,320,Guatemala,6309,1,Guatemala,Final,2005,2005
0.04,320,Guatemala,2422,1,Guatemala,Final,2006,2006
0.07,320,Guatemala,5865,4,Guatemala,Final,2007,2007
0,320,Guatemala,3227,0,Guatemala,Final,2008,2008
0.27,320,Guatemala,10200,28,Guatemala,Final,2009,2009
0.24,320,Guatemala,16842,41,Guatemala,Final,2010,2010
0.35,320,Guatemala,2553,9,Guatemala,Final,2011,2011
0.18,320,Guatemala,9331,17,Guatemala,Final,2012,2012
0.07,320,Guatemala,11703,8,Guatemala,Final,2013,2013
0.07,320,Guatemala,19791,13,Guatemala,Final,2014,2014
0,328,Guyana,0,0,Guyana,Final,1980,1980
0,328,Guyana,0,0,Guyana,Final,1981,1981
0,328,Guyana,0,0,Guyana,Final,1982,1982
0,328,Guyana,0,0,Guyana,Final,1983,1983
0,328,Guyana,0,0,Guyana,Final,1984,1984
0,328,Guyana,0,0,Guyana,Final,1985,1985
0,328,Guyana,0,0,Guyana,Final,1986,1986
0,328,Guyana,0,0,Guyana,Final,1987,1987
0,328,Guyana,0,0,Guyana,Final,1988,1988
0,328,Guyana,0,0,Guyana,Final,1989,1989
0,328,Guyana,0,0,Guyana,Final,1990,1990
0,328,Guyana,0,0,Guyana,Final,1991,1991
0,328,Guyana,0,0,Guyana,Final,1992,1992
0,328,Guyana,0,0,Guyana,Final,1993,1993
0,328,Guyana,0,0,Guyana,Final,1994,1994
0,328,Guyana,0,0,Guyana,Final,1995,1995
0,328,Guyana,0,0,Guyana,Final,1996,1996
0,328,Guyana,0,0,Guyana,Final,1997,1997
0,328,Guyana,42,0,Guyana,Final,1998,1998
0,328,Guyana,0,0,Guyana,Final,1999,1999
0,328,Guyana,19,0,Guyana,Final,2000,2000
0,328,Guyana,60,0,Guyana,Final,2001,2001
0,328,Guyana,200,0,Guyana,Final,2002,2002
0,328,Guyana,33,0,Guyana,Final,2003,2003
0,328,Guyana,47,0,Guyana,Final,2004,2004
0,328,Guyana,178,0,Guyana,Final,2005,2005
0,328,Guyana,118,0,Guyana,Final,2006,2006
0,328,Guyana,200,0,Guyana,Final,2007,2007
0,328,Guyana,324,0,Guyana,Final,2008,2008
0.1,328,Guyana,993,1,Guyana,Final,2009,2009
0.07,328,Guyana,1467,1,Guyana,Final,2010,2010
0,328,Guyana,1093,0,Guyana,Final,2011,2011
0,328,Guyana,2189,0,Guyana,Final,2012,2012
0,328,Guyana,1120,0,Guyana,Final,2013,2013
0,328,Guyana,822,0,Guyana,Final,2014,2014
0,332,Haiti,255,0,Haití,Final,1980,1980
0,332,Haiti,44,0,Haití,Final,1981,1981
0,332,Haiti,211,0,Haití,Final,1982,1982
0,332,Haiti,483,0,Haití,Final,1983,1983
0,332,Haiti,328,0,Haití,Final,1984,1984
0,332,Haiti,20,0,Haití,Final,1985,1985
0,332,Haiti,0,0,Haití,Final,1986,1986
0,332,Haiti,0,0,Haití,Final,1987,1987
0,332,Haiti,0,0,Haití,Final,1988,1988
0,332,Haiti,0,0,Haití,Final,1989,1989
0,332,Haiti,0,0,Haití,Final,1990,1990
0,332,Haiti,0,0,Haití,Final,1991,1991
0,332,Haiti,0,0,Haití,Final,1992,1992
0,332,Haiti,0,0,Haití,Final,1993,1993
0,332,Haiti,0,0,Haití,Final,1994,1994
0,332,Haiti,0,0,Haití,Final,1995,1995
0,332,Haiti,0,0,Haití,Final,1996,1996
0,332,Haiti,0,0,Haití,Final,1997,1997
0,332,Haiti,0,0,Haití,Final,1998,1998
0,332,Haiti,0,0,Haití,Final,1999,1999
0,332,Haiti,0,0,Haití,Final,2000,2000
0,332,Haiti,0,0,Haití,Final,2001,2001
0,332,Haiti,0,0,Haití,Final,2002,2002
0,332,Haiti,0,0,Haití,Final,2003,2003
0,332,Haiti,0,0,Haití,Final,2004,2004
0,332,Haiti,0,0,Haití,Final,2005,2005
0,332,Haiti,,0,Haití,Final,2006,2006
0,332,Haiti,,0,Haití,Final,2007,2007
0,332,Haiti,,0,Haití,Final,2008,2008
0,332,Haiti,,0,Haití,Final,2009,2009
0,332,Haiti,,0,Haití,Final,2010,2010
0,332,Haiti,,0,Haití,Final,2011,2011
0,332,Haiti,240,0,Haití,Final,2012,2012
0,332,Haiti,0,0,Haití,Final,2013,2013
0,332,Haiti,0,0,Haití,Final,2014,2014
0,340,Honduras,2078,0,Honduras,Final,1980,1980
0,340,Honduras,1612,0,Honduras,Final,1981,1981
0,340,Honduras,1217,0,Honduras,Final,1982,1982
0,340,Honduras,729,0,Honduras,Final,1983,1983
0,340,Honduras,378,0,Honduras,Final,1984,1984
0,340,Honduras,307,0,Honduras,Final,1985,1985
0,340,Honduras,569,0,Honduras,Final,1986,1986
0,340,Honduras,261,0,Honduras,Final,1987,1987
0,340,Honduras,844,0,Honduras,Final,1988,1988
0,340,Honduras,2507,0,Honduras,Final,1989,1989
0,340,Honduras,1700,0,Honduras,Final,1990,1990
0.02,340,Honduras,5303,1,Honduras,Final,1991,1991
0,340,Honduras,2114,0,Honduras,Final,1992,1992
0,340,Honduras,2847,0,Honduras,Final,1993,1993
0,340,Honduras,3055,0,Honduras,Final,1994,1994
0.01,340,Honduras,27560,3,Honduras,Final,1995,1995
0,340,Honduras,5047,0,Honduras,Final,1996,1996
0.01,340,Honduras,11861,1,Honduras,Final,1997,1997
0.02,340,Honduras,22200,4,Honduras,Final,1998,1998
0.04,340,Honduras,17766,7,Honduras,Final,1999,1999
0.08,340,Honduras,13328,10,Honduras,Final,2000,2000
0,340,Honduras,8646,0,Honduras,Final,2001,2001
0.05,340,Honduras,31406,17,Honduras,Final,2002,2002
0.07,340,Honduras,16101,11,Honduras,Final,2003,2003
0.01,340,Honduras,17626,2,Honduras,Final,2004,2004
0.04,340,Honduras,17048,6,Honduras,Final,2005,2005
0,340,Honduras,7800,0,Honduras,Final,2006,2006
0.05,340,Honduras,29328,16,Honduras,Final,2007,2007
0.05,340,Honduras,16460,9,Honduras,Final,2008,2008
0.1,340,Honduras,14528,14,Honduras,Final,2009,2009
0.13,340,Honduras,63546,83,Honduras,Final,2010,2010
0,340,Honduras,7412,0,Honduras,Final,2011,2011
0.03,340,Honduras,15554,4,Honduras,Final,2012,2012
0.07,340,Honduras,39201,29,Honduras,Final,2013,2013
0.01,340,Honduras,43456,5,Honduras,Final,2014,2014
0,388,Jamaica,9,0,Jamaica,Final,1980,1980
0,388,Jamaica,47,0,Jamaica,Final,1981,1981
0,388,Jamaica,21,0,Jamaica,Final,1982,1982
0,388,Jamaica,26,0,Jamaica,Final,1983,1983
0,388,Jamaica,12,0,Jamaica,Final,1984,1984
0,388,Jamaica,3,0,Jamaica,Final,1985,1985
0,388,Jamaica,3,0,Jamaica,Final,1986,1986
0,388,Jamaica,3,0,Jamaica,Final,1987,1987
0,388,Jamaica,6,0,Jamaica,Final,1988,1988
0,388,Jamaica,32,0,Jamaica,Final,1989,1989
0,388,Jamaica,9,0,Jamaica,Final,1990,1990
0,388,Jamaica,5,0,Jamaica,Final,1991,1991
0,388,Jamaica,296,0,Jamaica,Final,1992,1992
0,388,Jamaica,0,0,Jamaica,Final,1993,1993
0,388,Jamaica,0,0,Jamaica,Final,1994,1994
0.23,388,Jamaica,1776,4,Jamaica,Final,1995,1995
0,388,Jamaica,46,0,Jamaica,Final,1996,1996
0,388,Jamaica,16,0,Jamaica,Final,1997,1997
0,388,Jamaica,1509,0,Jamaica,Final,1998,1998
0,388,Jamaica,24,0,Jamaica,Final,1999,1999
0,388,Jamaica,25,0,Jamaica,Final,2000,2000
0,388,Jamaica,39,0,Jamaica,Final,2001,2001
0,388,Jamaica,90,0,Jamaica,Final,2002,2002
0,388,Jamaica,52,0,Jamaica,Final,2003,2003
0,388,Jamaica,9,0,Jamaica,Final,2004,2004
0,388,Jamaica,46,0,Jamaica,Final,2005,2005
0,388,Jamaica,79,0,Jamaica,Final,2006,2006
0,388,Jamaica,1448,0,Jamaica,Final,2007,2007
0,388,Jamaica,357,0,Jamaica,Final,2008,2008
0,388,Jamaica,70,0,Jamaica,Final,2009,2009
0.52,388,Jamaica,2887,15,Jamaica,Final,2010,2010
0,388,Jamaica,404,0,Jamaica,Final,2011,2011
0.21,388,Jamaica,4670,10,Jamaica,Final,2012,2012
0.46,388,Jamaica,861,4,Jamaica,Final,2013,2013
0,388,Jamaica,880,0,Jamaica,Final,2014,2014
0,474,Martinique,0,0,Martinica,Final,1980,1980
0,474,Martinique,0,0,Martinica,Final,1981,1981
0,474,Martinique,0,0,Martinica,Final,1982,1982
0,474,Martinique,0,0,Martinica,Final,1983,1983
0,474,Martinique,0,0,Martinica,Final,1984,1984
0,474,Martinique,0,0,Martinica,Final,1985,1985
0,474,Martinique,0,0,Martinica,Final,1986,1986
0,474,Martinique,0,0,Martinica,Final,1987,1987
0,474,Martinique,97,0,Martinica,Final,1988,1988
0,474,Martinique,16,0,Martinica,Final,1989,1989
0,474,Martinique,4,0,Martinica,Final,1990,1990
0,474,Martinique,0,0,Martinica,Final,1991,1991
0,474,Martinique,38,0,Martinica,Final,1992,1992
0,474,Martinique,0,0,Martinica,Final,1993,1993
0,474,Martinique,0,0,Martinica,Final,1994,1994
0.19,474,Martinique,516,1,Martinica,Final,1995,1995
0,474,Martinique,416,0,Martinica,Final,1996,1996
1.28,474,Martinique,235,3,Martinica,Final,1997,1997
0,474,Martinique,44,0,Martinica,Final,1998,1998
0,474,Martinique,268,0,Martinica,Final,1999,1999
0,474,Martinique,171,0,Martinica,Final,2000,2000
0.09,474,Martinique,4468,4,Martinica,Final,2001,2001
0,474,Martinique,392,0,Martinica,Final,2002,2002
0,474,Martinique,791,0,Martinica,Final,2003,2003
0,474,Martinique,0,0,Martinica,Final,2004,2004
0.07,474,Martinique,6080,4,Martinica,Final,2005,2005
0.02,474,Martinique,4085,1,Martinica,Final,2006,2006
0.08,474,Martinique,4918,4,Martinica,Final,2007,2007
0,474,Martinique,586,0,Martinica,Final,2008,2008
0.07,474,Martinique,1377,1,Martinica,Final,2009,2009
0.04,474,Martinique,36579,14,Martinica,Final,2010,2010
0,474,Martinique,275,0,Martinica,Final,2011,2011
0,474,Martinique,1511,0,Martinica,Final,2012,2012
0,474,Martinique,7040,0,Martinica,Final,2013,2013
0.12,474,Martinique,1680,2,Martinica,Final,2014,2014
0,484,Mexico,51046,0,México,Final,1980,1980
0,484,Mexico,17046,0,México,Final,1981,1981
0,484,Mexico,32640,0,México,Final,1982,1982
0,484,Mexico,19028,0,México,Final,1983,1983
0.01,484,Mexico,27637,4,México,Final,1984,1984
0,484,Mexico,13688,0,México,Final,1985,1985
0,484,Mexico,19520,0,México,Final,1986,1986
0,484,Mexico,13371,0,México,Final,1987,1987
0.01,484,Mexico,10526,1,México,Final,1988,1988
0.01,484,Mexico,7116,1,México,Final,1989,1989
0,484,Mexico,14485,0,México,Final,1990,1990
0,484,Mexico,5863,0,México,Final,1991,1991
0,484,Mexico,11348,0,México,Final,1992,1992
0,484,Mexico,2899,0,México,Final,1993,1993
0.1,484,Mexico,6770,7,México,Final,1994,1994
0.08,484,Mexico,36029,30,México,Final,1995,1995
0.13,484,Mexico,35082,44,México,Final,1996,1996
0.07,484,Mexico,52561,37,México,Final,1997,1997
0.06,484,Mexico,23267,14,México,Final,1998,1998
0,484,Mexico,14655,0,México,Final,1999,1999
0,484,Mexico,21665,0,México,Final,2000,2000
0,484,Mexico,6019,0,México,Final,2001,2001
0.07,484,Mexico,8415,6,México,Final,2002,2002
0,484,Mexico,3599,0,México,Final,2003,2003
0.21,484,Mexico,6243,13,México,Final,2004,2004
0,484,Mexico,12607,0,México,Final,2005,2005
0,484,Mexico,22810,0,México,Final,2006,2006
0.02,484,Mexico,40539,10,México,Final,2007,2007
0.1,484,Mexico,25040,24,México,Final,2008,2008
0.04,484,Mexico,238389,96,México,Final,2009,2009
0.04,484,Mexico,51635,20,México,Final,2010,2010
0.06,484,Mexico,63628,36,México,Final,2011,2011
0.1,484,Mexico,165749,170,México,Final,2012,2012
0.08,484,Mexico,231498,192,México,Final,2013,2013
0.06,484,Mexico,124943,76,México,Final,2014,2014
0,500,Montserrat,0,0,Montserrat,Final,1991,1991
0,500,Montserrat,0,0,Montserrat,Final,1992,1992
0,500,Montserrat,0,0,Montserrat,Final,1993,1993
0,500,Montserrat,0,0,Montserrat,Final,1994,1994
0,500,Montserrat,75,0,Montserrat,Final,1995,1995
0,500,Montserrat,3,0,Montserrat,Final,1996,1996
0,500,Montserrat,0,0,Montserrat,Final,1997,1997
0,500,Montserrat,0,0,Montserrat,Final,1998,1998
0,500,Montserrat,0,0,Montserrat,Final,1999,1999
0,500,Montserrat,9,0,Montserrat,Final,2000,2000
0,500,Montserrat,1,0,Montserrat,Final,2001,2001
0,500,Montserrat,1,0,Montserrat,Final,2002,2002
0,500,Montserrat,1,0,Montserrat,Final,2003,2003
0,500,Montserrat,0,0,Montserrat,Final,2004,2004
0,500,Montserrat,0,0,Montserrat,Final,2005,2005
0,500,Montserrat,0,0,Montserrat,Final,2006,2006
0,500,Montserrat,0,0,Montserrat,Final,2007,2007
0,500,Montserrat,2,0,Montserrat,Final,2008,2008
0,500,Montserrat,0,0,Montserrat,Final,2009,2009
0,500,Montserrat,0,0,Montserrat,Final,2010,2010
0,500,Montserrat,3,0,Montserrat,Final,2011,2011
0,500,Montserrat,0,0,Montserrat,Final,2012,2012
0,500,Montserrat,6,0,Montserrat,Final,2013,2013
0,500,Montserrat,16,0,Montserrat,Final,2014,2014
0,531,Curaçao,0,0,Curazao,Final,1992,1992
0,531,Curaçao,0,0,Curazao,Final,1993,1993
0,531,Curaçao,0,0,Curazao,Final,1994,1994
0,531,Curaçao,0,0,Curazao,Final,1995,1995
0,531,Curaçao,0,0,Curazao,Final,1996,1996
0,531,Curaçao,0,0,Curazao,Final,1997,1997
0,531,Curaçao,5,0,Curazao,Final,1998,1998
0,531,Curaçao,4,0,Curazao,Final,1999,1999
0,531,Curaçao,10,0,Curazao,Final,2000,2000
0,531,Curaçao,0,0,Curazao,Final,2001,2001
0,531,Curaçao,0,0,Curazao,Final,2002,2002
0,531,Curaçao,0,0,Curazao,Final,2003,2003
0,531,Curaçao,0,0,Curazao,Final,2004,2004
0,531,Curaçao,265,0,Curazao,Final,2005,2005
0,531,Curaçao,0,0,Curazao,Final,2006,2006
0,531,Curaçao,0,0,Curazao,Final,2007,2007
0,531,Curaçao,0,0,Curazao,Final,2008,2008
0,531,Curaçao,0,0,Curazao,Final,2009,2009
0.06,531,Curaçao,1722,1,Curazao,Final,2010,2010
0.13,531,Curaçao,1553,2,Curazao,Final,2011,2011
0,531,Curaçao,524,0,Curazao,Final,2012,2012
0,531,Curaçao,568,0,Curazao,Final,2013,2013
0,531,Curaçao,194,0,Curazao,Final,2014,2014
0,533,Aruba,0,0,Aruba,Final,1981,1981
0,533,Aruba,0,0,Aruba,Final,1982,1982
0,533,Aruba,0,0,Aruba,Final,1983,1983
0,533,Aruba,0,0,Aruba,Final,1984,1984
0.01,533,Aruba,24000,2,Aruba,Final,1985,1985
0,533,Aruba,0,0,Aruba,Final,1986,1986
0,533,Aruba,0,0,Aruba,Final,1987,1987
0,533,Aruba,0,0,Aruba,Final,1988,1988
0,533,Aruba,0,0,Aruba,Final,1989,1989
0,533,Aruba,0,0,Aruba,Final,1990,1990
0,533,Aruba,0,0,Aruba,Final,1991,1991
0,533,Aruba,0,0,Aruba,Final,1992,1992
0,533,Aruba,0,0,Aruba,Final,1993,1993
0,533,Aruba,0,0,Aruba,Final,1994,1994
0,533,Aruba,37,0,Aruba,Final,1995,1995
0,533,Aruba,10,0,Aruba,Final,1996,1996
0,533,Aruba,0,0,Aruba,Final,1997,1997
0,533,Aruba,0,0,Aruba,Final,1998,1998
0,533,Aruba,130,0,Aruba,Final,1999,1999
0,533,Aruba,76,0,Aruba,Final,2000,2000
0,533,Aruba,0,0,Aruba,Final,2001,2001
0,533,Aruba,25,0,Aruba,Final,2002,2002
0,533,Aruba,0,0,Aruba,Final,2003,2003
0,533,Aruba,173,0,Aruba,Final,2004,2004
0,533,Aruba,0,0,Aruba,Final,2005,2005
0,533,Aruba,5,0,Aruba,Final,2006,2006
0,533,Aruba,0,0,Aruba,Final,2007,2007
0,533,Aruba,0,0,Aruba,Final,2008,2008
0,533,Aruba,845,0,Aruba,Final,2009,2009
0.06,533,Aruba,1700,1,Aruba,Final,2010,2010
0.07,533,Aruba,3025,2,Aruba,Final,2011,2011
0,533,Aruba,0,0,Aruba,Final,2012,2012
0.19,533,Aruba,528,1,Aruba,Final,2013,2013
0,533,Aruba,306,0,Aruba,Final,2014,2014
0,558,Nicaragua,0,0,Nicaragua,Final,1980,1980
0,558,Nicaragua,0,0,Nicaragua,Final,1981,1981
0,558,Nicaragua,0,0,Nicaragua,Final,1982,1982
0,558,Nicaragua,0,0,Nicaragua,Final,1983,1983
0,558,Nicaragua,0,0,Nicaragua,Final,1984,1984
0.04,558,Nicaragua,17476,7,Nicaragua,Final,1985,1985
0,558,Nicaragua,484,0,Nicaragua,Final,1986,1986
0,558,Nicaragua,64,0,Nicaragua,Final,1987,1987
0.49,558,Nicaragua,203,1,Nicaragua,Final,1988,1988
0,558,Nicaragua,659,0,Nicaragua,Final,1989,1989
0,558,Nicaragua,4137,0,Nicaragua,Final,1990,1990
0,558,Nicaragua,1885,0,Nicaragua,Final,1991,1991
0.07,558,Nicaragua,5495,4,Nicaragua,Final,1992,1992
0,558,Nicaragua,8938,0,Nicaragua,Final,1993,1993
0,558,Nicaragua,20469,0,Nicaragua,Final,1994,1994
0,558,Nicaragua,18454,0,Nicaragua,Final,1995,1995
0,558,Nicaragua,2743,0,Nicaragua,Final,1996,1996
0,558,Nicaragua,3058,0,Nicaragua,Final,1997,1997
0.05,558,Nicaragua,13160,7,Nicaragua,Final,1998,1998
0.12,558,Nicaragua,10401,12,Nicaragua,Final,1999,1999
0.06,558,Nicaragua,6681,4,Nicaragua,Final,2000,2000
1.28,558,Nicaragua,1646,21,Nicaragua,Final,2001,2001
0.6,558,Nicaragua,2000,12,Nicaragua,Final,2002,2002
0.16,558,Nicaragua,2564,4,Nicaragua,Final,2003,2003
0.21,558,Nicaragua,942,2,Nicaragua,Final,2004,2004
0.77,558,Nicaragua,1558,12,Nicaragua,Final,2005,2005
0.08,558,Nicaragua,1298,1,Nicaragua,Final,2006,2006
0.95,558,Nicaragua,1264,12,Nicaragua,Final,2007,2007
0.36,558,Nicaragua,1390,5,Nicaragua,Final,2008,2008
0.06,558,Nicaragua,17060,11,Nicaragua,Final,2009,2009
0.17,558,Nicaragua,5157,9,Nicaragua,Final,2010,2010
0.01,558,Nicaragua,11881,1,Nicaragua,Final,2011,2011
0.02,558,Nicaragua,30210,5,Nicaragua,Final,2012,2012
0.03,558,Nicaragua,77179,20,Nicaragua,Final,2013,2013
0,558,Nicaragua,35425,0,Nicaragua,Final,2014,2014
0,591,Panama,0,0,Panamá,Final,1980,1980
0,591,Panama,0,0,Panamá,Final,1981,1981
0,591,Panama,0,0,Panamá,Final,1982,1982
0,591,Panama,0,0,Panamá,Final,1983,1983
0,591,Panama,0,0,Panamá,Final,1984,1984
0,591,Panama,0,0,Panamá,Final,1985,1985
0,591,Panama,0,0,Panamá,Final,1986,1986
0,591,Panama,0,0,Panamá,Final,1987,1987
0,591,Panama,0,0,Panamá,Final,1988,1988
0,591,Panama,0,0,Panamá,Final,1989,1989
0,591,Panama,0,0,Panamá,Final,1990,1990
0,591,Panama,0,0,Panamá,Final,1991,1991
0,591,Panama,0,0,Panamá,Final,1992,1992
0,591,Panama,13,0,Panamá,Final,1993,1993
0,591,Panama,20469,0,Panamá,Final,1994,1994
0.03,591,Panama,3080,1,Panamá,Final,1995,1995
0,591,Panama,811,0,Panamá,Final,1996,1996
0,591,Panama,2628,0,Panamá,Final,1997,1997
0,591,Panama,2716,0,Panamá,Final,1998,1998
0,591,Panama,2782,0,Panamá,Final,1999,1999
0,591,Panama,314,0,Panamá,Final,2000,2000
0.07,591,Panama,1538,1,Panamá,Final,2001,2001
0,591,Panama,706,0,Panamá,Final,2002,2002
0,591,Panama,293,0,Panamá,Final,2003,2003
0.54,591,Panama,369,2,Panamá,Final,2004,2004
0.03,591,Panama,3998,1,Panamá,Final,2005,2005
0.02,591,Panama,4293,1,Panamá,Final,2006,2006
0,591,Panama,3399,0,Panamá,Final,2007,2007
0,591,Panama,2284,0,Panamá,Final,2008,2008
0.09,591,Panama,6783,6,Panamá,Final,2009,2009
0,591,Panama,1999,0,Panamá,Final,2010,2010
0.44,591,Panama,3844,17,Panamá,Final,2011,2011
0,591,Panama,1194,0,Panamá,Final,2012,2012
0.17,591,Panama,4774,8,Panamá,Final,2013,2013
0.19,591,Panama,4653,9,Panamá,Final,2014,2014
0,600,Paraguay,0,0,Paraguay,Final,1980,1980
0,600,Paraguay,0,0,Paraguay,Final,1981,1981
0,600,Paraguay,0,0,Paraguay,Final,1982,1982
0,600,Paraguay,0,0,Paraguay,Final,1983,1983
0,600,Paraguay,0,0,Paraguay,Final,1984,1984
0,600,Paraguay,0,0,Paraguay,Final,1985,1985
0,600,Paraguay,0,0,Paraguay,Final,1986,1986
0,600,Paraguay,0,0,Paraguay,Final,1987,1987
0,600,Paraguay,0,0,Paraguay,Final,1988,1988
0,600,Paraguay,41000,0,Paraguay,Final,1989,1989
0,600,Paraguay,0,0,Paraguay,Final,1990,1990
0,600,Paraguay,0,0,Paraguay,Final,1991,1991
0,600,Paraguay,0,0,Paraguay,Final,1992,1992
0,600,Paraguay,0,0,Paraguay,Final,1993,1993
0,600,Paraguay,0,0,Paraguay,Final,1994,1994
0,600,Paraguay,0,0,Paraguay,Final,1995,1995
0,600,Paraguay,0,0,Paraguay,Final,1996,1996
0,600,Paraguay,0,0,Paraguay,Final,1997,1997
0,600,Paraguay,0,0,Paraguay,Final,1998,1998
0,600,Paraguay,1164,0,Paraguay,Final,1999,1999
0,600,Paraguay,24282,0,Paraguay,Final,2000,2000
0,600,Paraguay,38,0,Paraguay,Final,2001,2001
0,600,Paraguay,1871,0,Paraguay,Final,2002,2002
0,600,Paraguay,137,0,Paraguay,Final,2003,2003
0,600,Paraguay,164,0,Paraguay,Final,2004,2004
0,600,Paraguay,405,0,Paraguay,Final,2005,2005
0,600,Paraguay,4271,0,Paraguay,Final,2006,2006
0.06,600,Paraguay,28127,17,Paraguay,Final,2007,2007
0,600,Paraguay,1953,0,Paraguay,Final,2008,2008
0,600,Paraguay,6143,0,Paraguay,Final,2009,2009
0.11,600,Paraguay,13523,15,Paraguay,Final,2010,2010
0.14,600,Paraguay,42847,62,Paraguay,Final,2011,2011
0.18,600,Paraguay,39063,70,Paraguay,Final,2012,2012
0.17,600,Paraguay,144470,251,Paraguay,Final,2013,2013
0.03,600,Paraguay,16917,5,Paraguay,Final,2014,2014
0,604,Peru,0,0,Perú,Final,1980,1980
0,604,Peru,0,0,Perú,Final,1981,1981
0,604,Peru,0,0,Perú,Final,1982,1982
0,604,Peru,0,0,Perú,Final,1983,1983
0,604,Peru,0,0,Perú,Final,1984,1984
0,604,Peru,0,0,Perú,Final,1985,1985
0,604,Peru,0,0,Perú,Final,1986,1986
0,604,Peru,0,0,Perú,Final,1987,1987
0,604,Peru,0,0,Perú,Final,1988,1988
0,604,Peru,0,0,Perú,Final,1989,1989
0,604,Peru,7858,0,Perú,Final,1990,1990
0,604,Peru,714,0,Perú,Final,1991,1991
0,604,Peru,1971,0,Perú,Final,1992,1992
0,604,Peru,897,0,Perú,Final,1993,1993
0,604,Peru,1471,0,Perú,Final,1994,1994
0,604,Peru,2732,0,Perú,Final,1995,1995
0,604,Peru,6395,0,Perú,Final,1996,1996
0,604,Peru,1357,0,Perú,Final,1997,1997
0,604,Peru,988,0,Perú,Final,1998,1998
0.18,604,Peru,554,1,Perú,Final,1999,1999
0,604,Peru,5486,0,Perú,Final,2000,2000
0.02,604,Peru,23078,4,Perú,Final,2001,2001
0.01,604,Peru,8862,1,Perú,Final,2002,2002
0,604,Peru,3622,0,Perú,Final,2003,2003
0.01,604,Peru,9739,1,Perú,Final,2004,2004
0,604,Peru,6342,0,Perú,Final,2005,2005
0,604,Peru,5527,0,Perú,Final,2006,2006
0.03,604,Peru,6872,2,Perú,Final,2007,2007
0.01,604,Peru,10246,1,Perú,Final,2008,2008
0.01,604,Peru,8801,1,Perú,Final,2009,2009
0.05,604,Peru,18484,9,Perú,Final,2010,2010
0.1,604,Peru,29612,31,Perú,Final,2011,2011
0.15,604,Peru,30919,46,Perú,Final,2012,2012
0.15,604,Peru,13771,20,Perú,Final,2013,2013
0.16,604,Peru,19043,31,Perú,Final,2014,2014
0,630,Puerto Rico,921,0,Puerto Rico,Final,1980,1980
0,630,Puerto Rico,8350,0,Puerto Rico,Final,1981,1981
0.01,630,Puerto Rico,9536,1,Puerto Rico,Final,1982,1982
0,630,Puerto Rico,2789,0,Puerto Rico,Final,1983,1983
0,630,Puerto Rico,1865,0,Puerto Rico,Final,1984,1984
0,630,Puerto Rico,2374,0,Puerto Rico,Final,1985,1985
0.03,630,Puerto Rico,10628,3,Puerto Rico,Final,1986,1986
0.02,630,Puerto Rico,5818,1,Puerto Rico,Final,1987,1987
0,630,Puerto Rico,6531,0,Puerto Rico,Final,1988,1988
0.06,630,Puerto Rico,8991,5,Puerto Rico,Final,1989,1989
0.01,630,Puerto Rico,9444,1,Puerto Rico,Final,1990,1990
0.01,630,Puerto Rico,10305,1,Puerto Rico,Final,1991,1991
0,630,Puerto Rico,13009,0,Puerto Rico,Final,1992,1992
0,630,Puerto Rico,6600,0,Puerto Rico,Final,1993,1993
0,630,Puerto Rico,22000,0,Puerto Rico,Final,1994,1994
0.06,630,Puerto Rico,6491,4,Puerto Rico,Final,1995,1995
0.15,630,Puerto Rico,4631,7,Puerto Rico,Final,1996,1996
0.07,630,Puerto Rico,6893,5,Puerto Rico,Final,1997,1997
0.05,630,Puerto Rico,17068,9,Puerto Rico,Final,1998,1998
0.12,630,Puerto Rico,4959,6,Puerto Rico,Final,1999,1999
0,630,Puerto Rico,2409,0,Puerto Rico,Final,2000,2000
0.08,630,Puerto Rico,5197,4,Puerto Rico,Final,2001,2001
0.03,630,Puerto Rico,2883,1,Puerto Rico,Final,2002,2002
0,630,Puerto Rico,3730,0,Puerto Rico,Final,2003,2003
0.09,630,Puerto Rico,3277,3,Puerto Rico,Final,2004,2004
0.12,630,Puerto Rico,5682,7,Puerto Rico,Final,2005,2005
0.1,630,Puerto Rico,3036,3,Puerto Rico,Final,2006,2006
0.08,630,Puerto Rico,10964,9,Puerto Rico,Final,2007,2007
0.06,630,Puerto Rico,3319,2,Puerto Rico,Final,2008,2008
0.03,630,Puerto Rico,6588,2,Puerto Rico,Final,2009,2009
0.16,630,Puerto Rico,21265,33,Puerto Rico,Final,2010,2010
0.05,630,Puerto Rico,5623,3,Puerto Rico,Final,2011,2011
0.06,630,Puerto Rico,11774,7,Puerto Rico,Final,2012,2012
0.07,630,Puerto Rico,18164,12,Puerto Rico,Final,2013,2013
0,630,Puerto Rico,8664,0,Puerto Rico,Final,2014,2014
0,652,"Saint Barthelemy",0,0,"San Bartolomé",Final,1982,1982
0,652,"Saint Barthelemy",0,0,"San Bartolomé",Final,1983,1983
0,652,"Saint Barthelemy",0,0,"San Bartolomé",Final,1984,1984
0,652,"Saint Barthelemy",0,0,"San Bartolomé",Final,1985,1985
0,652,"Saint Barthelemy",0,0,"San Bartolomé",Final,1986,1986
0,652,"Saint Barthelemy",0,0,"San Bartolomé",Final,1987,1987
0,652,"Saint Barthelemy",0,0,"San Bartolomé",Final,1988,1988
0,652,"Saint Barthelemy",0,0,"San Bartolomé",Final,1989,1989
0,652,"Saint Barthelemy",0,0,"San Bartolomé",Final,1990,1990
0,652,"Saint Barthelemy",0,0,"San Bartolomé",Final,1991,1991
0,652,"Saint Barthelemy",0,0,"San Bartolomé",Final,1992,1992
0,652,"Saint Barthelemy",0,0,"San Bartolomé",Final,1993,1993
0,652,"Saint Barthelemy",0,0,"San Bartolomé",Final,1994,1994
0,652,"Saint Barthelemy",0,0,"San Bartolomé",Final,1995,1995
0,652,"Saint Barthelemy",0,0,"San Bartolomé",Final,1996,1996
0,652,"Saint Barthelemy",0,0,"San Bartolomé",Final,1997,1997
0,652,"Saint Barthelemy",0,0,"San Bartolomé",Final,1998,1998
0,652,"Saint Barthelemy",0,0,"San Bartolomé",Final,1999,1999
0,652,"Saint Barthelemy",0,0,"San Bartolomé",Final,2000,2000
0,652,"Saint Barthelemy",0,0,"San Bartolomé",Final,2001,2001
0,652,"Saint Barthelemy",0,0,"San Bartolomé",Final,2002,2002
0,652,"Saint Barthelemy",0,0,"San Bartolomé",Final,2003,2003
0,652,"Saint Barthelemy",0,0,"San Bartolomé",Final,2004,2004
0,652,"Saint Barthelemy",0,0,"San Bartolomé",Final,2005,2005
0,652,"Saint Barthelemy",0,0,"San Bartolomé",Final,2006,2006
0,652,"Saint Barthelemy",0,0,"San Bartolomé",Final,2007,2007
0,652,"Saint Barthelemy",0,0,"San Bartolomé",Final,2008,2008
0,652,"Saint Barthelemy",804,0,"San Bartolomé",Final,2009,2009
0,652,"Saint Barthelemy",0,0,"San Bartolomé",Final,2010,2010
0,652,"Saint Barthelemy",23,0,"San Bartolomé",Final,2011,2011
0,652,"Saint Barthelemy",40,0,"San Bartolomé",Final,2012,2012
0.1,652,"Saint Barthelemy",966,1,"San Bartolomé",Final,2013,2013
0,652,"Saint Barthelemy",56,0,"San Bartolomé",Final,2014,2014
0,659,Saint Kitts and Nevis,0,0,Saint Kitts y Nevis,Final,1980,1980
0,659,Saint Kitts and Nevis,0,0,Saint Kitts y Nevis,Final,1981,1981
0,659,Saint Kitts and Nevis,0,0,Saint Kitts y Nevis,Final,1982,1982
0,659,Saint Kitts and Nevis,0,0,Saint Kitts y Nevis,Final,1983,1983
0,659,Saint Kitts and Nevis,0,0,Saint Kitts y Nevis,Final,1984,1984
0,659,Saint Kitts and Nevis,0,0,Saint Kitts y Nevis,Final,1985,1985
0,659,Saint Kitts and Nevis,0,0,Saint Kitts y Nevis,Final,1986,1986
0,659,Saint Kitts and Nevis,0,0,Saint Kitts y Nevis,Final,1987,1987
0,659,Saint Kitts and Nevis,0,0,Saint Kitts y Nevis,Final,1988,1988
0,659,Saint Kitts and Nevis,0,0,Saint Kitts y Nevis,Final,1989,1989
0,659,Saint Kitts and Nevis,0,0,Saint Kitts y Nevis,Final,1990,1990
0,659,Saint Kitts and Nevis,8,0,Saint Kitts y Nevis,Final,1991,1991
0,659,Saint Kitts and Nevis,0,0,Saint Kitts y Nevis,Final,1992,1992
0,659,Saint Kitts and Nevis,0,0,Saint Kitts y Nevis,Final,1993,1993
0,659,Saint Kitts and Nevis,0,0,Saint Kitts y Nevis,Final,1994,1994
0,659,Saint Kitts and Nevis,27,0,Saint Kitts y Nevis,Final,1995,1995
0,659,Saint Kitts and Nevis,6,0,Saint Kitts y Nevis,Final,1996,1996
0,659,Saint Kitts and Nevis,0,0,Saint Kitts y Nevis,Final,1997,1997
0,659,Saint Kitts and Nevis,0,0,Saint Kitts y Nevis,Final,1998,1998
0,659,Saint Kitts and Nevis,1,0,Saint Kitts y Nevis,Final,1999,1999
0,659,Saint Kitts and Nevis,5,0,Saint Kitts y Nevis,Final,2000,2000
0,659,Saint Kitts and Nevis,85,0,Saint Kitts y Nevis,Final,2001,2001
0,659,Saint Kitts and Nevis,20,0,Saint Kitts y Nevis,Final,2002,2002
0,659,Saint Kitts and Nevis,2,0,Saint Kitts y Nevis,Final,2003,2003
0,659,Saint Kitts and Nevis,4,0,Saint Kitts y Nevis,Final,2004,2004
0,659,Saint Kitts and Nevis,0,0,Saint Kitts y Nevis,Final,2005,2005
0,659,Saint Kitts and Nevis,1,0,Saint Kitts y Nevis,Final,2006,2006
0,659,Saint Kitts and Nevis,0,0,Saint Kitts y Nevis,Final,2007,2007
0,659,Saint Kitts and Nevis,49,0,Saint Kitts y Nevis,Final,2008,2008
0,659,Saint Kitts and Nevis,2,0,Saint Kitts y Nevis,Final,2009,2009
0,659,Saint Kitts and Nevis,19,0,Saint Kitts y Nevis,Final,2010,2010
0,659,Saint Kitts and Nevis,46,0,Saint Kitts y Nevis,Final,2011,2011
0,659,Saint Kitts and Nevis,2,0,Saint Kitts y Nevis,Final,2012,2012
0,659,Saint Kitts and Nevis,100,0,Saint Kitts y Nevis,Final,2013,2013
0,659,Saint Kitts and Nevis,62,0,Saint Kitts y Nevis,Final,2014,2014
0,660,Anguilla,0,0,Anguila,Final,1984,1984
0,660,Anguilla,0,0,Anguila,Final,1985,1985
0,660,Anguilla,0,0,Anguila,Final,1986,1986
0,660,Anguilla,0,0,Anguila,Final,1987,1987
0,660,Anguilla,0,0,Anguila,Final,1988,1988
0,660,Anguilla,0,0,Anguila,Final,1989,1989
0,660,Anguilla,12,0,Anguila,Final,1990,1990
0,660,Anguilla,0,0,Anguila,Final,1991,1991
0,660,Anguilla,0,0,Anguila,Final,1992,1992
0,660,Anguilla,0,0,Anguila,Final,1993,1993
0,660,Anguilla,0,0,Anguila,Final,1994,1994
0,660,Anguilla,4,0,Anguila,Final,1995,1995
0,660,Anguilla,1,0,Anguila,Final,1996,1996
0,660,Anguilla,0,0,Anguila,Final,1997,1997
0,660,Anguilla,0,0,Anguila,Final,1998,1998
0,660,Anguilla,12,0,Anguila,Final,1999,1999
0,660,Anguilla,3,0,Anguila,Final,2000,2000
0,660,Anguilla,25,0,Anguila,Final,2001,2001
0,660,Anguilla,5,0,Anguila,Final,2002,2002
0,660,Anguilla,2,0,Anguila,Final,2003,2003
0,660,Anguilla,0,0,Anguila,Final,2004,2004
0,660,Anguilla,0,0,Anguila,Final,2005,2005
0,660,Anguilla,0,0,Anguila,Final,2006,2006
0,660,Anguilla,0,0,Anguila,Final,2007,2007
0,660,Anguilla,7,0,Anguila,Final,2008,2008
0,660,Anguilla,0,0,Anguila,Final,2009,2009
0,660,Anguilla,1,0,Anguila,Final,2010,2010
0,660,Anguilla,9,0,Anguila,Final,2011,2011
0,660,Anguilla,7,0,Anguila,Final,2012,2012
0,660,Anguilla,8,0,Anguila,Final,2013,2013
0,660,Anguilla,85,0,Anguila,Final,2014,2014
0,662,Saint Lucia,0,0,Santa Lucía,Final,1980,1980
0,662,Saint Lucia,0,0,Santa Lucía,Final,1981,1981
0,662,Saint Lucia,0,0,Santa Lucía,Final,1982,1982
0,662,Saint Lucia,0,0,Santa Lucía,Final,1983,1983
0,662,Saint Lucia,0,0,Santa Lucía,Final,1984,1984
0,662,Saint Lucia,0,0,Santa Lucía,Final,1985,1985
0,662,Saint Lucia,1,0,Santa Lucía,Final,1986,1986
0,662,Saint Lucia,0,0,Santa Lucía,Final,1987,1987
0,662,Saint Lucia,2,0,Santa Lucía,Final,1988,1988
0,662,Saint Lucia,4,0,Santa Lucía,Final,1989,1989
0,662,Saint Lucia,2,0,Santa Lucía,Final,1990,1990
0,662,Saint Lucia,4,0,Santa Lucía,Final,1991,1991
0,662,Saint Lucia,0,0,Santa Lucía,Final,1992,1992
0,662,Saint Lucia,0,0,Santa Lucía,Final,1993,1993
0,662,Saint Lucia,0,0,Santa Lucía,Final,1994,1994
0,662,Saint Lucia,52,0,Santa Lucía,Final,1995,1995
0,662,Saint Lucia,65,0,Santa Lucía,Final,1996,1996
0,662,Saint Lucia,11,0,Santa Lucía,Final,1997,1997
0,662,Saint Lucia,0,0,Santa Lucía,Final,1998,1998
0,662,Saint Lucia,3,0,Santa Lucía,Final,1999,1999
0,662,Saint Lucia,0,0,Santa Lucía,Final,2000,2000
0,662,Saint Lucia,292,0,Santa Lucía,Final,2001,2001
0,662,Saint Lucia,51,0,Santa Lucía,Final,2002,2002
0,662,Saint Lucia,5,0,Santa Lucía,Final,2003,2003
0,662,Saint Lucia,11,0,Santa Lucía,Final,2004,2004
0,662,Saint Lucia,1,0,Santa Lucía,Final,2005,2005
0,662,Saint Lucia,30,0,Santa Lucía,Final,2006,2006
0,662,Saint Lucia,39,0,Santa Lucía,Final,2007,2007
0,662,Saint Lucia,98,0,Santa Lucía,Final,2008,2008
0,662,Saint Lucia,18,0,Santa Lucía,Final,2009,2009
0,662,Saint Lucia,74,0,Santa Lucía,Final,2010,2010
0.13,662,Saint Lucia,757,1,Santa Lucía,Final,2011,2011
0,662,Saint Lucia,10,0,Santa Lucía,Final,2012,2012
0.85,662,Saint Lucia,234,2,Santa Lucía,Final,2013,2013
0,662,Saint Lucia,165,0,Santa Lucía,Final,2014,2014
0,663,Saint Martin,0,0,"Isla de San Martín (Francia)",Final,1982,1982
0,663,Saint Martin,0,0,"Isla de San Martín (Francia)",Final,1983,1983
0,663,Saint Martin,0,0,"Isla de San Martín (Francia)",Final,1984,1984
0,663,Saint Martin,2,0,"Isla de San Martín (Francia)",Final,1985,1985
0,663,Saint Martin,0,0,"Isla de San Martín (Francia)",Final,1986,1986
0,663,Saint Martin,0,0,"Isla de San Martín (Francia)",Final,1987,1987
0,663,Saint Martin,0,0,"Isla de San Martín (Francia)",Final,1988,1988
0,663,Saint Martin,0,0,"Isla de San Martín (Francia)",Final,1989,1989
0,663,Saint Martin,0,0,"Isla de San Martín (Francia)",Final,1990,1990
0,663,Saint Martin,0,0,"Isla de San Martín (Francia)",Final,1991,1991
0,663,Saint Martin,0,0,"Isla de San Martín (Francia)",Final,1992,1992
0,663,Saint Martin,0,0,"Isla de San Martín (Francia)",Final,1993,1993
0,663,Saint Martin,0,0,"Isla de San Martín (Francia)",Final,1994,1994
0,663,Saint Martin,0,0,"Isla de San Martín (Francia)",Final,1995,1995
0,663,Saint Martin,0,0,"Isla de San Martín (Francia)",Final,1996,1996
0,663,Saint Martin,0,0,"Isla de San Martín (Francia)",Final,1997,1997
0,663,Saint Martin,0,0,"Isla de San Martín (Francia)",Final,1998,1998
0,663,Saint Martin,0,0,"Isla de San Martín (Francia)",Final,1999,1999
0,663,Saint Martin,0,0,"Isla de San Martín (Francia)",Final,2000,2000
0,663,Saint Martin,0,0,"Isla de San Martín (Francia)",Final,2001,2001
0,663,Saint Martin,0,0,"Isla de San Martín (Francia)",Final,2002,2002
0,663,Saint Martin,0,0,"Isla de San Martín (Francia)",Final,2003,2003
0,663,Saint Martin,0,0,"Isla de San Martín (Francia)",Final,2004,2004
0,663,Saint Martin,0,0,"Isla de San Martín (Francia)",Final,2005,2005
0,663,Saint Martin,0,0,"Isla de San Martín (Francia)",Final,2006,2006
0,663,Saint Martin,0,0,"Isla de San Martín (Francia)",Final,2007,2007
0,663,Saint Martin,0,0,"Isla de San Martín (Francia)",Final,2008,2008
0.06,663,Saint Martin,1698,1,"Isla de San Martín (Francia)",Final,2009,2009
0,663,Saint Martin,506,0,"Isla de San Martín (Francia)",Final,2010,2010
0,663,Saint Martin,168,0,"Isla de San Martín (Francia)",Final,2011,2011
0,663,Saint Martin,372,0,"Isla de San Martín (Francia)",Final,2012,2012
0.06,663,Saint Martin,3095,2,"Isla de San Martín (Francia)",Final,2013,2013
0,663,Saint Martin,404,0,"Isla de San Martín (Francia)",Final,2014,2014
0,670,Saint Vincent and the Grenadines,1,0,San Vicente y las Granadinas,Final,1991,1991
0,670,Saint Vincent and the Grenadines,7,0,San Vicente y las Granadinas,Final,1992,1992
0,670,Saint Vincent and the Grenadines,7,0,San Vicente y las Granadinas,Final,1993,1993
0,670,Saint Vincent and the Grenadines,0,0,San Vicente y las Granadinas,Final,1994,1994
0,670,Saint Vincent and the Grenadines,224,0,San Vicente y las Granadinas,Final,1995,1995
0,670,Saint Vincent and the Grenadines,190,0,San Vicente y las Granadinas,Final,1996,1996
0,670,Saint Vincent and the Grenadines,3,0,San Vicente y las Granadinas,Final,1997,1997
0,670,Saint Vincent and the Grenadines,88,0,San Vicente y las Granadinas,Final,1998,1998
0,670,Saint Vincent and the Grenadines,8,0,San Vicente y las Granadinas,Final,1999,1999
0,670,Saint Vincent and the Grenadines,5,0,San Vicente y las Granadinas,Final,2000,2000
0,670,Saint Vincent and the Grenadines,3,0,San Vicente y las Granadinas,Final,2001,2001
0,670,Saint Vincent and the Grenadines,123,0,San Vicente y las Granadinas,Final,2002,2002
0,670,Saint Vincent and the Grenadines,3,0,San Vicente y las Granadinas,Final,2003,2003
0,670,Saint Vincent and the Grenadines,4,0,San Vicente y las Granadinas,Final,2004,2004
0,670,Saint Vincent and the Grenadines,8,0,San Vicente y las Granadinas,Final,2005,2005
0,670,Saint Vincent and the Grenadines,5,0,San Vicente y las Granadinas,Final,2006,2006
0,670,Saint Vincent and the Grenadines,2,0,San Vicente y las Granadinas,Final,2007,2007
0,670,Saint Vincent and the Grenadines,6,0,San Vicente y las Granadinas,Final,2008,2008
0,670,Saint Vincent and the Grenadines,10,0,San Vicente y las Granadinas,Final,2009,2009
0,670,Saint Vincent and the Grenadines,217,0,San Vicente y las Granadinas,Final,2010,2010
0,670,Saint Vincent and the Grenadines,47,0,San Vicente y las Granadinas,Final,2011,2011
0,670,Saint Vincent and the Grenadines,91,0,San Vicente y las Granadinas,Final,2012,2012
0,670,Saint Vincent and the Grenadines,127,0,San Vicente y las Granadinas,Final,2013,2013
0,670,Saint Vincent and the Grenadines,117,0,San Vicente y las Granadinas,Final,2014,2014
0,740,Suriname,0,0,Suriname,Final,1980,1980
0,740,Suriname,0,0,Suriname,Final,1981,1981
0,740,Suriname,219,0,Suriname,Final,1982,1982
0,740,Suriname,0,0,Suriname,Final,1983,1983
0,740,Suriname,0,0,Suriname,Final,1984,1984
0,740,Suriname,0,0,Suriname,Final,1985,1985
0,740,Suriname,0,0,Suriname,Final,1986,1986
0,740,Suriname,0,0,Suriname,Final,1987,1987
0,740,Suriname,0,0,Suriname,Final,1988,1988
0,740,Suriname,0,0,Suriname,Final,1989,1989
0,740,Suriname,0,0,Suriname,Final,1990,1990
0,740,Suriname,0,0,Suriname,Final,1991,1991
0,740,Suriname,0,0,Suriname,Final,1992,1992
0,740,Suriname,0,0,Suriname,Final,1993,1993
0,740,Suriname,0,0,Suriname,Final,1994,1994
0,740,Suriname,344,0,Suriname,Final,1995,1995
0,740,Suriname,677,0,Suriname,Final,1996,1996
0,740,Suriname,90,0,Suriname,Final,1997,1997
0,740,Suriname,1140,0,Suriname,Final,1998,1998
0,740,Suriname,695,0,Suriname,Final,1999,1999
0.84,740,Suriname,1069,9,Suriname,Final,2000,2000
0,740,Suriname,748,0,Suriname,Final,2001,2001
0,740,Suriname,1081,0,Suriname,Final,2002,2002
0,740,Suriname,284,0,Suriname,Final,2003,2003
0,740,Suriname,368,0,Suriname,Final,2004,2004
0,740,Suriname,2712,0,Suriname,Final,2005,2005
0,740,Suriname,253,0,Suriname,Final,2006,2006
0,740,Suriname,41,0,Suriname,Final,2007,2007
0,740,Suriname,12,0,Suriname,Final,2008,2008
0,740,Suriname,120,0,Suriname,Final,2009,2009
1.08,740,Suriname,93,1,Suriname,Final,2010,2010
0.78,740,Suriname,386,3,Suriname,Final,2011,2011
0.51,740,Suriname,781,4,Suriname,Final,2012,2012
0,740,Suriname,21,0,Suriname,Final,2013,2013
0,740,Suriname,19,0,Suriname,Final,2014,2014
0,780,Trinidad and Tobago,0,0,Trinidad y Tobago,Final,1980,1980
0,780,Trinidad and Tobago,14,0,Trinidad y Tobago,Final,1981,1981
0,780,Trinidad and Tobago,16,0,Trinidad y Tobago,Final,1982,1982
0,780,Trinidad and Tobago,118,0,Trinidad y Tobago,Final,1983,1983
0,780,Trinidad and Tobago,31,0,Trinidad y Tobago,Final,1984,1984
0,780,Trinidad and Tobago,7,0,Trinidad y Tobago,Final,1985,1985
0,780,Trinidad and Tobago,145,0,Trinidad y Tobago,Final,1986,1986
0,780,Trinidad and Tobago,125,0,Trinidad y Tobago,Final,1987,1987
0,780,Trinidad and Tobago,80,0,Trinidad y Tobago,Final,1988,1988
0,780,Trinidad and Tobago,11,0,Trinidad y Tobago,Final,1989,1989
0,780,Trinidad and Tobago,526,0,Trinidad y Tobago,Final,1990,1990
0,780,Trinidad and Tobago,36,0,Trinidad y Tobago,Final,1991,1991
0,780,Trinidad and Tobago,116,0,Trinidad y Tobago,Final,1992,1992
0,780,Trinidad and Tobago,38,0,Trinidad y Tobago,Final,1993,1993
0,780,Trinidad and Tobago,0,0,Trinidad y Tobago,Final,1994,1994
0,780,Trinidad and Tobago,4295,0,Trinidad y Tobago,Final,1995,1995
0,780,Trinidad and Tobago,3983,0,Trinidad y Tobago,Final,1996,1996
1.21,780,Trinidad and Tobago,745,9,Trinidad y Tobago,Final,1997,1997
0,780,Trinidad and Tobago,2984,0,Trinidad y Tobago,Final,1998,1998
0,780,Trinidad and Tobago,1200,0,Trinidad y Tobago,Final,1999,1999
0,780,Trinidad and Tobago,2017,0,Trinidad y Tobago,Final,2000,2000
0,780,Trinidad and Tobago,2158,0,Trinidad y Tobago,Final,2001,2001
0.2,780,Trinidad and Tobago,5973,12,Trinidad y Tobago,Final,2002,2002
0,780,Trinidad and Tobago,2209,0,Trinidad y Tobago,Final,2003,2003
0,780,Trinidad and Tobago,497,0,Trinidad y Tobago,Final,2004,2004
0,780,Trinidad and Tobago,411,0,Trinidad y Tobago,Final,2005,2005
0,780,Trinidad and Tobago,36,0,Trinidad y Tobago,Final,2006,2006
0,780,Trinidad and Tobago,47,0,Trinidad y Tobago,Final,2007,2007
0.13,780,Trinidad and Tobago,2358,3,Trinidad y Tobago,Final,2008,2008
0,780,Trinidad and Tobago,24,0,Trinidad y Tobago,Final,2009,2009
0.06,780,Trinidad and Tobago,4737,3,Trinidad y Tobago,Final,2010,2010
0.08,780,Trinidad and Tobago,1242,1,Trinidad y Tobago,Final,2011,2011
0,780,Trinidad and Tobago,0,0,Trinidad y Tobago,Final,2012,2012
0,780,Trinidad and Tobago,0,0,Trinidad y Tobago,Final,2013,2013
0,780,Trinidad and Tobago,128,0,Trinidad y Tobago,Final,2014,2014
0,796,Turks and Caicos Islands,0,0,Islas Turcas y Caicos,Final,1990,1990
0,796,Turks and Caicos Islands,0,0,Islas Turcas y Caicos,Final,1991,1991
0,796,Turks and Caicos Islands,0,0,Islas Turcas y Caicos,Final,1992,1992
0,796,Turks and Caicos Islands,0,0,Islas Turcas y Caicos,Final,1993,1993
0,796,Turks and Caicos Islands,0,0,Islas Turcas y Caicos,Final,1994,1994
0,796,Turks and Caicos Islands,0,0,Islas Turcas y Caicos,Final,1995,1995
0,796,Turks and Caicos Islands,0,0,Islas Turcas y Caicos,Final,1996,1996
0,796,Turks and Caicos Islands,0,0,Islas Turcas y Caicos,Final,1997,1997
0,796,Turks and Caicos Islands,0,0,Islas Turcas y Caicos,Final,1998,1998
0,796,Turks and Caicos Islands,0,0,Islas Turcas y Caicos,Final,1999,1999
0,796,Turks and Caicos Islands,0,0,Islas Turcas y Caicos,Final,2000,2000
0,796,Turks and Caicos Islands,0,0,Islas Turcas y Caicos,Final,2001,2001
0,796,Turks and Caicos Islands,0,0,Islas Turcas y Caicos,Final,2002,2002
0,796,Turks and Caicos Islands,2,0,Islas Turcas y Caicos,Final,2003,2003
0,796,Turks and Caicos Islands,1,0,Islas Turcas y Caicos,Final,2004,2004
0,796,Turks and Caicos Islands,1,0,Islas Turcas y Caicos,Final,2005,2005
0,796,Turks and Caicos Islands,0,0,Islas Turcas y Caicos,Final,2006,2006
0,796,Turks and Caicos Islands,0,0,Islas Turcas y Caicos,Final,2007,2007
0,796,Turks and Caicos Islands,0,0,Islas Turcas y Caicos,Final,2008,2008
0,796,Turks and Caicos Islands,0,0,Islas Turcas y Caicos,Final,2009,2009
0,796,Turks and Caicos Islands,0,0,Islas Turcas y Caicos,Final,2010,2010
0,796,Turks and Caicos Islands,24,0,Islas Turcas y Caicos,Final,2011,2011
0,796,Turks and Caicos Islands,14,0,Islas Turcas y Caicos,Final,2012,2012
0,796,Turks and Caicos Islands,5,0,Islas Turcas y Caicos,Final,2013,2013
0,796,Turks and Caicos Islands,48,0,Islas Turcas y Caicos,Final,2014,2014
0,840,United States of America,63,0,Estados Unidos de América,Final,1980,1980
0,840,United States of America,0,0,Estados Unidos de América,Final,1981,1981
0,840,United States of America,0,0,Estados Unidos de América,Final,1982,1982
0,840,United States of America,0,0,Estados Unidos de América,Final,1983,1983
0,840,United States of America,0,0,Estados Unidos de América,Final,1984,1984
0,840,United States of America,0,0,Estados Unidos de América,Final,1985,1985
0,840,United States of America,14,0,Estados Unidos de América,Final,1986,1986
0,840,United States of America,0,0,Estados Unidos de América,Final,1987,1987
0,840,United States of America,0,0,Estados Unidos de América,Final,1988,1988
0,840,United States of America,0,0,Estados Unidos de América,Final,1989,1989
0,840,United States of America,0,0,Estados Unidos de América,Final,1990,1990
0,840,United States of America,0,0,Estados Unidos de América,Final,1991,1991
0,840,United States of America,0,0,Estados Unidos de América,Final,1992,1992
0,840,United States of America,0,0,Estados Unidos de América,Final,1993,1993
0,840,United States of America,0,0,Estados Unidos de América,Final,1994,1994
0,840,United States of America,7,0,Estados Unidos de América,Final,1995,1995
0,840,United States of America,0,0,Estados Unidos de América,Final,1996,1996
0,840,United States of America,0,0,Estados Unidos de América,Final,1997,1997
0,840,United States of America,0,0,Estados Unidos de América,Final,1998,1998
0,840,United States of America,0,0,Estados Unidos de América,Final,1999,1999
0,840,United States of America,0,0,Estados Unidos de América,Final,2000,2000
0,840,United States of America,96,0,Estados Unidos de América,Final,2001,2001
0,840,United States of America,29,0,Estados Unidos de América,Final,2002,2002
0,840,United States of America,40,0,Estados Unidos de América,Final,2003,2003
0,840,United States of America,0,0,Estados Unidos de América,Final,2004,2004
0,840,United States of America,0,0,Estados Unidos de América,Final,2005,2005
0,840,United States of America,143,0,Estados Unidos de América,Final,2006,2006
0,840,United States of America,488,0,Estados Unidos de América,Final,2007,2007
0,840,United States of America,0,0,Estados Unidos de América,Final,2008,2008
0,840,United States of America,3,0,Estados Unidos de América,Final,2009,2009
0,840,United States of America,65,0,Estados Unidos de América,Final,2010,2010
0,840,United States of America,7,0,Estados Unidos de América,Final,2011,2011
0,840,United States of America,186,0,Estados Unidos de América,Final,2012,2012
0,840,United States of America,543,0,Estados Unidos de América,Final,2013,2013
0,840,United States of America,470,0,Estados Unidos de América,Final,2014,2014
0,850,Virgin Islands (US),0,0,Islas Vírgenes (EUA),Final,2000,2000
0,850,Virgin Islands (US),0,0,Islas Vírgenes (EUA),Final,2001,2001
0,850,Virgin Islands (US),0,0,Islas Vírgenes (EUA),Final,2002,2002
0,850,Virgin Islands (US),0,0,Islas Vírgenes (EUA),Final,2003,2003
0,850,Virgin Islands (US),0,0,Islas Vírgenes (EUA),Final,2004,2004
0,850,Virgin Islands (US),0,0,Islas Vírgenes (EUA),Final,2005,2005
0,850,Virgin Islands (US),0,0,Islas Vírgenes (EUA),Final,2006,2006
0,850,Virgin Islands (US),73,0,Islas Vírgenes (EUA),Final,2007,2007
0,850,Virgin Islands (US),0,0,Islas Vírgenes (EUA),Final,2008,2008
0,850,Virgin Islands (US),0,0,Islas Vírgenes (EUA),Final,2009,2009
0,850,Virgin Islands (US),0,0,Islas Vírgenes (EUA),Final,2010,2010
0,850,Virgin Islands (US),0,0,Islas Vírgenes (EUA),Final,2011,2011
0,850,Virgin Islands (US),4,0,Islas Vírgenes (EUA),Final,2012,2012
0,850,Virgin Islands (US),0,0,Islas Vírgenes (EUA),Final,2013,2013
0,850,Virgin Islands (US),7,0,Islas Vírgenes (EUA),Final,2014,2014
0,858,Uruguay,0,0,Uruguay,Final,1980,1980
0,858,Uruguay,0,0,Uruguay,Final,1981,1981
0,858,Uruguay,0,0,Uruguay,Final,1982,1982
0,858,Uruguay,0,0,Uruguay,Final,1983,1983
0,858,Uruguay,0,0,Uruguay,Final,1984,1984
0,858,Uruguay,0,0,Uruguay,Final,1985,1985
0,858,Uruguay,0,0,Uruguay,Final,1986,1986
0,858,Uruguay,0,0,Uruguay,Final,1987,1987
0,858,Uruguay,0,0,Uruguay,Final,1988,1988
0,858,Uruguay,0,0,Uruguay,Final,1989,1989
0,858,Uruguay,0,0,Uruguay,Final,1990,1990
0,858,Uruguay,0,0,Uruguay,Final,1991,1991
0,858,Uruguay,0,0,Uruguay,Final,1992,1992
0,858,Uruguay,0,0,Uruguay,Final,1993,1993
0,858,Uruguay,0,0,Uruguay,Final,1994,1994
0,858,Uruguay,0,0,Uruguay,Final,1995,1995
0,858,Uruguay,0,0,Uruguay,Final,1996,1996
0,858,Uruguay,0,0,Uruguay,Final,1997,1997
0,858,Uruguay,0,0,Uruguay,Final,1998,1998
0,858,Uruguay,0,0,Uruguay,Final,1999,1999
0,858,Uruguay,0,0,Uruguay,Final,2000,2000
0,858,Uruguay,0,0,Uruguay,Final,2001,2001
0,858,Uruguay,0,0,Uruguay,Final,2002,2002
0,858,Uruguay,0,0,Uruguay,Final,2003,2003
0,858,Uruguay,0,0,Uruguay,Final,2004,2004
0,858,Uruguay,0,0,Uruguay,Final,2005,2005
0,858,Uruguay,0,0,Uruguay,Final,2006,2006
0,858,Uruguay,0,0,Uruguay,Final,2007,2007
0,858,Uruguay,0,0,Uruguay,Final,2008,2008
0,858,Uruguay,0,0,Uruguay,Final,2009,2009
0,858,Uruguay,0,0,Uruguay,Final,2010,2010
0,858,Uruguay,0,0,Uruguay,Final,2011,2011
0,858,Uruguay,0,0,Uruguay,Final,2012,2012
0,858,Uruguay,0,0,Uruguay,Final,2013,2013
0,858,Uruguay,0,0,Uruguay,Final,2014,2014
0,862,Venezuela,39,0,Venezuela,Final,1980,1980
0,862,Venezuela,71,0,Venezuela,Final,1981,1981
0,862,Venezuela,39,0,Venezuela,Final,1982,1982
0,862,Venezuela,6,0,Venezuela,Final,1983,1983
0,862,Venezuela,20,0,Venezuela,Final,1984,1984
0,862,Venezuela,2,0,Venezuela,Final,1985,1985
0,862,Venezuela,0,0,Venezuela,Final,1986,1986
0,862,Venezuela,58,0,Venezuela,Final,1987,1987
0,862,Venezuela,12,0,Venezuela,Final,1988,1988
0.67,862,Venezuela,4025,27,Venezuela,Final,1989,1989
0.68,862,Venezuela,7637,52,Venezuela,Final,1990,1990
0.4,862,Venezuela,6559,26,Venezuela,Final,1991,1991
0.36,862,Venezuela,3356,12,Venezuela,Final,1992,1992
0.22,862,Venezuela,9059,20,Venezuela,Final,1993,1993
0.09,862,Venezuela,15046,14,Venezuela,Final,1994,1994
0.16,862,Venezuela,26900,43,Venezuela,Final,1995,1995
0.17,862,Venezuela,7500,13,Venezuela,Final,1996,1996
0.16,862,Venezuela,27354,43,Venezuela,Final,1997,1997
0.11,862,Venezuela,31863,34,Venezuela,Final,1998,1998
0.06,862,Venezuela,24028,15,Venezuela,Final,1999,1999
0.03,862,Venezuela,18915,5,Venezuela,Final,2000,2000
0.02,862,Venezuela,76639,15,Venezuela,Final,2001,2001
0,862,Venezuela,34697,1,Venezuela,Final,2002,2002
0.03,862,Venezuela,24750,7,Venezuela,Final,2003,2003
0.02,862,Venezuela,28707,5,Venezuela,Final,2004,2004
0.01,862,Venezuela,39517,4,Venezuela,Final,2005,2005
0,862,Venezuela,37384,0,Venezuela,Final,2006,2006
0,862,Venezuela,74185,0,Venezuela,Final,2007,2007
0,862,Venezuela,44399,0,Venezuela,Final,2008,2008
0,862,Venezuela,60720,0,Venezuela,Final,2009,2009
0,862,Venezuela,113764,0,Venezuela,Final,2010,2010
0,862,Venezuela,30135,0,Venezuela,Final,2011,2011
0,862,Venezuela,49502,0,Venezuela,Final,2012,2012
0,862,Venezuela,63726,0,Venezuela,Final,2013,2013
0,862,Venezuela,75020,0,Venezuela,Final,2014,2014
0,840,United States of America,990,0,Estados Unidos de América,Final,2016,2016
0,850,Virgin Islands (US),3,0,Islas Vírgenes (EUA),final,2015,2015
0,32,Argentina,83,0,Argentina,Preliminar,2018,2018
0,533,Aruba,4,0,Aruba,Preliminar,2018,2018
0,44,Bahamas,3,0,Bahamas,Preliminar,2018,2018
0,52,Barbados,0,0,Barbados,Preliminar,2018,2018
0,60,Bermuda,0,0,Bermuda,Preliminar,2018,2018
0.01,76,Brazil,38043,2,Brasil,Preliminar,2018,2018
0,124,Canada,0,0,Canadá,Preliminar,2017,2017
0,840,United States of America,348,0,Estados Unidos de América,Preliminar,2017,2017
0,188,Costa Rica,5561,0,Costa Rica,final,2017,2017
0,222,El Salvador,4300,0,El Salvador,Preliminar,2017,2017
0.34,320,Guatemala,4116,14,Guatemala,Preliminar,2017,2017
0,340,Honduras,5217,0,Honduras,Preliminar,2017,2017
0.04,484,Mexico,89893,34,México,Preliminar,2017,2017
0,558,Nicaragua,64712,2,Nicaragua,Preliminar,2017,2017
0.01,591,Panama,9225,1,Panamá,Preliminar,2017,2017
0.02,68,Bolivia,9938,2,Bolivia,Preliminar,2017,2017
0.06,170,Colombia,26279,15,Colombia,Preliminar,2017,2017
0.04,218,Ecuador,11387,4,Ecuador,Preliminar,2017,2017
0.1,604,Peru,76093,76,Perú,Preliminar,2017,2017
0.19,862,Venezuela,8615,16,Venezuela,Preliminar,2017,2017
0,32,Argentina,557,0,Argentina,Preliminar,2017,2017
0,84,Belize,5366,0,Belice,Final,2015,2015
0,152,Chile,10,0,Chile,Preliminar,2017,2017
0,218,Ecuador,1059,0,Ecuador,Preliminar,2018,2018
0,92,Virgin Islands (UK),0,0,Islas Vírgenes (RU),Preliminar,2018,2018
0,124,Canada,0,0,Canadá,Preliminar,2018,2018
0,136,Cayman Islands,10,0,Islas Caimán,Preliminar,2018,2018
0,170,Colombia,6316,0,Colombia,Preliminar,2018,2018
0,188,Costa Rica,373,0,Costa Rica,final,2018,2018
0,212,Dominica,11,0,Dominica,Preliminar,2018,2018
0,214,Dominican Republic,292,0,República Dominicana,Preliminar,2018,2018
0.07,600,Paraguay,14645,10,Paraguay,Preliminar,2018,2018
0.12,604,Peru,3325,4,Perú,Preliminar,2018,2018
0,630,Puerto Rico,0,0,Puerto Rico,Preliminar,2018,2018
0,652,"Saint Barthelemy",0,0,"San Bartolomé",Preliminar,2018,2018
0,659,Saint Kitts and Nevis,3,0,Saint Kitts y Nevis,Preliminar,2018,2018
0,662,Saint Lucia,2,0,Santa Lucía,Preliminar,2018,2018
0,670,Saint Vincent and the Grenadines,0,0,San Vicente y las Granadinas,Preliminar,2018,2018
0,780,Trinidad and Tobago,18,0,Trinidad y Tobago,Preliminar,2018,2018
0,796,Turks and Caicos Islands,0,0,Islas Turcas y Caicos,Preliminar,2018,2018
0,840,United States of America,28,0,Estados Unidos de América,Preliminar,2018,2018
0,858,Uruguay,0,0,Uruguay,Preliminar,2018,2018
0.05,76,Brazil,255665,133,Brasil,Preliminar,2017,2017
0,68,Bolivia,29532,1,Bolivia,Final,2015,2015
0.04,76,Brazil,1500535,642,Brasil,Preliminar,2016,2016
0.03,68,Bolivia,23726,6,Bolivia,Preliminar,2014,2014
0,850,Virgin Islands (US),19,0,Islas Vírgenes (EUA),Preliminar,2014,2014
0,660,Anguilla,86,0,Anguila,Preliminar,2014,2014
0,28,Antigua and Barbuda,37,0,Antigua y Barbuda,Preliminar,2014,2014
0,32,Argentina,1714,0,Argentina,Preliminar,2014,2014
0,533,Aruba,400,0,Aruba,Preliminar,2014,2014
0,44,Bahamas,146,0,Bahamas,Preliminar,2014,2014
0,52,Barbados,2689,0,Barbados,Preliminar,2014,2014
0.02,558,Nicaragua,88463,16,Nicaragua,Final,2016,2016
0,84,Belize,4713,,Belice,Final,2016,2016
0,60,Bermuda,1,0,Bermuda,Preliminar,2014,2014
0,600,Paraguay,1832,0,Paraguay,Preliminar,2017,2017
0,858,Uruguay,0,0,Uruguay,Preliminar,2017,2017
0,192,Cuba,1248,0,Cuba,Preliminar,2017,2017
0.07,214,Dominican Republic,1359,1,República Dominicana,Preliminar,2017,2017
0,630,Puerto Rico,10,0,Puerto Rico,Preliminar,2017,2017
0,850,Virgin Islands (US),1,0,Islas Vírgenes (EUA),Preliminar,2017,2017
0,660,Anguilla,22,,Anguila,Preliminar,2017,2017
0,28,Antigua and Barbuda,1,0,Antigua y Barbuda,Preliminar,2017,2017
0,533,Aruba,1734,,Aruba,Preliminar,2017,2017
0,44,Bahamas,14,0,Bahamas,Preliminar,2017,2017
0,52,Barbados,538,0,Barbados,Preliminar,2017,2017
0,60,Bermuda,0,0,Bermuda,Preliminar,2017,2017
0,92,Virgin Islands (UK),67,0,Islas Vírgenes (RU),Preliminar,2017,2017
0,136,Cayman Islands,31,0,Islas Caimán,Preliminar,2017,2017
0,212,Dominica,33,0,Dominica,Preliminar,2017,2017
0,254,French Guiana,625,0,Guayana Francesa,Preliminar,2017,2017
0,308,Grenada,239,0,Granada,Preliminar,2017,2017
0,312,Guadeloupe,540,0,Guadalupe,Preliminar,2017,2017
0,222,El Salvador,787,0,El Salvador,Preliminar,2018,2018
0,328,Guyana,5,0,Guyana,Preliminar,2017,2017
0,388,Jamaica,70,0,Jamaica,Preliminar,2017,2017
0,474,Martinique,113,0,Martinica,Preliminar,2017,2017
0,500,Montserrat,0,0,Montserrat,Preliminar,2017,2017
0,652,"Saint Barthelemy",55,0,"San Bartolomé",Preliminar,2017,2017
0,659,Saint Kitts and Nevis,10,0,Saint Kitts y Nevis,Preliminar,2017,2017
0,662,Saint Lucia,66,0,Santa Lucía,Preliminar,2017,2017
0,663,Saint Martin,157,0,"Isla de San Martín (Francia)",Preliminar,2017,2017
0,670,Saint Vincent and the Grenadines,3,0,San Vicente y las Granadinas,Preliminar,2017,2017
0,780,Trinidad and Tobago,300,0,Trinidad y Tobago,Preliminar,2017,2017
0,796,Turks and Caicos Islands,210,0,Islas Turcas y Caicos,Preliminar,2017,2017
0,188,Costa Rica,23319,0,Costa Rica,Final,2016,2016
0,188,Costa Rica,17394,0,Costa Rica,Final,2015,2015
0,850,Virgin Islands (US),0,0,Islas Vírgenes (EUA),Preliminar,2018,2018
0,254,French Guiana,115,0,Guayana Francesa,Preliminar,2018,2018
0,312,Guadeloupe,8,0,Guadalupe,Preliminar,2018,2018
0.07,76,Brazil,591080,410,Brasil,Preliminar,2014,2014
0,92,Virgin Islands (UK),239,0,Islas Vírgenes (RU),Preliminar,2014,2014
0,124,Canada,0,0,Canadá,Preliminar,2014,2014
0,136,Cayman Islands,124,0,Islas Caimán,Preliminar,2014,2014
0,152,Chile,30,0,Chile,Preliminar,2014,2014
0.08,170,Colombia,110473,88,Colombia,Preliminar,2014,2014
0,188,Costa Rica,11140,0,Costa Rica,final,2014,2014
0,192,Cuba,2522,0,Cuba,Preliminar,2014,2014
0,531,Curaçao,194,0,Curazao,Preliminar,2014,2014
0,212,Dominica,184,0,Dominica,Preliminar,2014,2014
0.99,214,Dominican Republic,6274,62,República Dominicana,Preliminar,2014,2014
0.08,218,Ecuador,15446,12,Ecuador,Preliminar,2014,2014
0.01,222,El Salvador,53460,6,El Salvador,Preliminar,2014,2014
0,254,French Guiana,1180,0,Guayana Francesa,Preliminar,2014,2014
2.56,308,Grenada,39,1,Granada,Preliminar,2014,2014
0,312,Guadeloupe,1397,0,Guadalupe,Preliminar,2014,2014
0.08,320,Guatemala,16960,13,Guatemala,Preliminar,2014,2014
0,328,Guyana,863,0,Guyana,Preliminar,2014,2014
0.01,340,Honduras,42753,5,Honduras,Preliminar,2014,2014
0,388,Jamaica,880,0,Jamaica,Preliminar,2014,2014
0.12,474,Martinique,1680,2,Martinica,Preliminar,2014,2014
0.03,484,Mexico,124943,39,México,Preliminar,2014,2014
0,500,Montserrat,17,0,Montserrat,Preliminar,2014,2014
0,558,Nicaragua,35425,0,Nicaragua,Preliminar,2014,2014
0.16,591,Panama,5517,9,Panamá,Preliminar,2014,2014
0.05,600,Paraguay,10014,5,Paraguay,Preliminar,2014,2014
0.16,604,Peru,19043,31,Perú,Preliminar,2014,2014
0,630,Puerto Rico,8880,0,Puerto Rico,Preliminar,2014,2014
0,652,"Saint Barthelemy",56,0,"San Bartolomé",Preliminar,2014,2014
0,659,Saint Kitts and Nevis,75,0,Saint Kitts y Nevis,Preliminar,2014,2014
0,662,Saint Lucia,167,0,Santa Lucía,Preliminar,2014,2014
0,663,Saint Martin,404,0,"Isla de San Martín (Francia)",Preliminar,2014,2014
0,670,Saint Vincent and the Grenadines,117,0,San Vicente y las Granadinas,Preliminar,2014,2014
0,740,Suriname,197,0,Suriname,Preliminar,2014,2014
0,780,Trinidad and Tobago,5157,0,Trinidad y Tobago,Preliminar,2014,2014
0,796,Turks and Caicos Islands,252,0,Islas Turcas y Caicos,Preliminar,2014,2014
0,840,United States of America,668,0,Estados Unidos de América,Preliminar,2014,2014
0,858,Uruguay,0,0,Uruguay,Preliminar,2014,2014
0,862,Venezuela,87529,0,Venezuela,Preliminar,2014,2014
0,84,Belize,5026,0,Belice,Final,2014,2014
0,84,Belize,2966,0,Belice,Preliminar,2017,2017
0,84,Belize,294,0,Belice,Preliminar,2018,2018
0,28,Antigua and Barbuda,14,0,Antigua y Barbuda,Preliminar,2015,2015
0,32,Argentina,4774,0,Argentina,Preliminar,2015,2015
0,44,Bahamas,10,0,Bahamas,Preliminar,2015,2015
0.26,52,Barbados,391,1,Barbados,Preliminar,2015,2015
0,60,Bermuda,0,0,Bermuda,Preliminar,2015,2015
0,92,Virgin Islands (UK),103,0,Islas Vírgenes (RU),Preliminar,2015,2015
0,124,Canada,0,0,Canadá,Preliminar,2015,2015
0,136,Cayman Islands,40,0,Islas Caimán,Preliminar,2015,2015
0,152,Chile,40,0,Chile,Preliminar,2015,2015
0.16,170,Colombia,96444,155,Colombia,Preliminar,2015,2015
0,192,Cuba,1691,0,Cuba,Preliminar,2015,2015
0,212,Dominica,38,0,Dominica,Preliminar,2015,2015
0.63,214,Dominican Republic,17048,107,República Dominicana,Preliminar,2015,2015
0.02,218,Ecuador,42667,8,Ecuador,Preliminar,2015,2015
0.01,222,El Salvador,50169,6,El Salvador,Preliminar,2015,2015
0,254,French Guiana,2603,0,Guayana Francesa,Preliminar,2015,2015
0,308,Grenada,25,0,Granada,Preliminar,2015,2015
0,312,Guadeloupe,201,0,Guadalupe,Preliminar,2015,2015
0.05,320,Guatemala,18058,9,Guatemala,Preliminar,2015,2015
0,328,Guyana,388,0,Guyana,Preliminar,2015,2015
0,332,Haiti,130,0,Haití,Preliminar,2015,2015
0.01,340,Honduras,44834,5,Honduras,Preliminar,2015,2015
0,388,Jamaica,88,0,Jamaica,Preliminar,2015,2015
0,474,Martinique,207,0,Martinica,Preliminar,2015,2015
0.02,484,Mexico,219593,42,México,Preliminar,2015,2015
0,500,Montserrat,0,0,Montserrat,Preliminar,2015,2015
0,533,Aruba,335,0,Aruba,Preliminar,2015,2015
0.03,558,Nicaragua,49326,15,Nicaragua,Preliminar,2015,2015
0.12,591,Panama,3347,4,Panamá,Preliminar,2015,2015
0.01,600,Paraguay,68652,5,Paraguay,Preliminar,2015,2015
0.11,604,Peru,35837,41,Perú,Preliminar,2015,2015
0,630,Puerto Rico,1867,0,Puerto Rico,Preliminar,2015,2015
0,652,"Saint Barthelemy",428,0,"San Bartolomé",Preliminar,2015,2015
0,659,Saint Kitts and Nevis,5,0,Saint Kitts y Nevis,Preliminar,2015,2015
0,660,Anguilla,8,0,Anguila,Preliminar,2015,2015
0,662,Saint Lucia,25,0,Santa Lucía,Preliminar,2015,2015
0,663,Saint Martin,1488,0,"Isla de San Martín (Francia)",Preliminar,2015,2015
0,670,Saint Vincent and the Grenadines,13,0,San Vicente y las Granadinas,Preliminar,2015,2015
0,740,Suriname,15,0,Suriname,Preliminar,2015,2015
0.18,780,Trinidad and Tobago,1687,3,Trinidad y Tobago,Preliminar,2015,2015
0,796,Turks and Caicos Islands,331,0,Islas Turcas y Caicos,Preliminar,2015,2015
0,840,United States of America,751,0,Estados Unidos de América,Preliminar,2015,2015
0,858,Uruguay,13,0,Uruguay,Preliminar,2015,2015
0.17,862,Venezuela,54152,90,Venezuela,Preliminar,2015,2015
0,630,Puerto Rico,204,0,Puerto Rico,Final,2016,2016
0,28,Antigua and Barbuda,1,0,Antigua y Barbuda,Preliminar,2018,2018
0.05,76,Brazil,1649008,863,Brasil,final,2015,2015
0,328,Guyana,9,0,Guyana,Preliminar,2018,2018
0,340,Honduras,1006,0,Honduras,Preliminar,2018,2018
0,474,Martinique,73,0,Martinica,Preliminar,2018,2018
0,484,Mexico,4458,0,México,Preliminar,2018,2018
0,500,Montserrat,0,0,Montserrat,Preliminar,2018,2018
0,558,Nicaragua,9830,0,Nicaragua,Preliminar,2018,2018
0,591,Panama,1774,0,Panamá,Preliminar,2018,2018
0,28,Antigua and Barbuda,103,0,Antigua y Barbuda,Preliminar,2016,2016
0.01,32,Argentina,79455,10,Argentina,Final,2016,2016
0,44,Bahamas,82,0,Bahamas,Preliminar,2016,2016
0,52,Barbados,1433,0,Barbados,Preliminar,2016,2016
0,60,Bermuda,2,0,Bermuda,Preliminar,2016,2016
0,68,Bolivia,31756,1,Bolivia,Preliminar,2016,2016
0,92,Virgin Islands (UK),100,0,Islas Vírgenes (RU),Preliminar,2016,2016
0,124,Canada,0,0,Canadá,Final,2016,2016
0,136,Cayman Islands,150,0,Islas Caimán,Preliminar,2016,2016
0,152,Chile,33,0,Chile,Preliminar,2016,2016
0.06,170,Colombia,103822,60,Colombia,Preliminar,2016,2016
0,192,Cuba,1836,0,Cuba,Preliminar,2016,2016
0,212,Dominica,351,0,Dominica,Preliminar,2016,2016
0.59,214,Dominican Republic,6645,39,República Dominicana,Preliminar,2016,2016
0.03,218,Ecuador,14150,4,Ecuador,Preliminar,2016,2016
0.01,222,El Salvador,8789,1,El Salvador,Final,2016,2016
0,254,French Guiana,522,0,Guayana Francesa,Preliminar,2016,2016
0,308,Grenada,151,0,Granada,Preliminar,2016,2016
0,312,Guadeloupe,177,0,Guadalupe,Preliminar,2016,2016
0.01,320,Guatemala,8844,1,Guatemala,Preliminar,2016,2016
0,328,Guyana,303,0,Guyana,Preliminar,2016,2016
0.01,340,Honduras,22961,3,Honduras,Preliminar,2016,2016
0,388,Jamaica,2269,0,Jamaica,Preliminar,2016,2016
0,474,Martinique,158,0,Martinica,Preliminar,2016,2016
0.03,484,Mexico,130069,34,México,Final,2016,2016
0,500,Montserrat,25,0,Montserrat,Preliminar,2016,2016
0,533,Aruba,1319,0,Aruba,Preliminar,2016,2016
0.11,591,Panama,7884,9,Panamá,Preliminar,2016,2016
0.02,600,Paraguay,70215,16,Paraguay,Final,2016,2016
0.12,604,Peru,31868,37,Perú,Preliminar,2016,2016
0,652,"Saint Barthelemy",78,0,"San Bartolomé",Preliminar,2016,2016
0,659,Saint Kitts and Nevis,136,0,Saint Kitts y Nevis,Preliminar,2016,2016
0,660,Anguilla,50,0,Anguila,Preliminar,2016,2016
0,662,Saint Lucia,196,0,Santa Lucía,Preliminar,2016,2016
0,663,Saint Martin,29,0,"Isla de San Martín (Francia)",Preliminar,2016,2016
0,670,Saint Vincent and the Grenadines,89,0,San Vicente y las Granadinas,Preliminar,2016,2016
0,740,Suriname,6,0,Suriname,Preliminar,2016,2016
0,780,Trinidad and Tobago,1801,0,Trinidad y Tobago,Preliminar,2016,2016
0,796,Turks and Caicos Islands,484,0,Islas Turcas y Caicos,Preliminar,2016,2016
0,850,Virgin Islands (US),11,0,Islas Vírgenes (EUA),final,2016,2016
0,858,Uruguay,1337,0,Uruguay,Preliminar,2016,2016
0.13,862,Venezuela,29268,39,Venezuela,Preliminar,2016,2016